college_name,state,stream,affiliation,website,placement_officer_name,placement_email,placement_phone,backup_emails_found,backup_phones_found,fallback_contact_email,fallback_contact_phone,confidence_score,source_urls,email_verified,last_scraped,status,outreach_status
"A. Shama Rao Foundation, Srinivas School of Engineering, Mangalore",Karnataka,Engineering,VTU,https://www.srinivasgroup.com/Careers.html,,admission@srinivasgroup.com,,"drajay@srinivasgroup.com, job@srinivasgroup.com","+91-8242412382, +91-8242425966",admission@srinivasgroup.com,+91-7026436197,0,,0,,Needs Follow-up,New
"A.C.S. College of Engineering, Bangalore",Karnataka,Engineering,VTU,http://www.acsce.edu.in/,,admission@acsce.edu.in,,,"+91-9900500028, +91-8029748777",admission@acsce.edu.in,+91-9008545678,0,,0,,Needs Follow-up,New
A.G & S.G Siddhartha Degree College of Arts and Science Krishna,Andhra Pradesh,BCA,Krishna University,http://www.agsgsc.edu.in,,agsgsiddhartha@gmail.com,,,,agsgsiddhartha@gmail.com,,0,,0,,Needs Follow-up,New
"A.G.M. Rural Engineering College, Hubli",Karnataka,Engineering,VTU,https://agmrcet.ac.in/placement.php,,tpo@agmrcet.ac.in,,,,tpo@agmrcet.ac.in,+91-9739857966,0,,0,,Needs Follow-up,New
"A.P.S. College of Engineering, Bangalore",Karnataka,Engineering,VTU,http://www.apsce.ac.in,,principal.apsce@gmail.com,,apsceoffice@gmail.com,,principal.apsce@gmail.com,+91-9448452508,0,,0,,Needs Follow-up,New
A.V.C College of Engineering,Tamil Nadu,Engineering,Anna University,http://avccengg.net/,,placement@avccengg.net,,"avcce@avccengg.net, avcce@avccengg.net",+91-4364227299,placement@avccengg.net,+91-4364227202,0,,0,,Needs Follow-up,New
ABR College of Engineering & Technology,Andhra Pradesh,Engineering,JNTUK/JNTUA (directory),https://abrcet.edu.in,,info@abrcet.edu.in,,,,info@abrcet.edu.in,+91-9866461623,0,,0,,Needs Follow-up,New
ACE Engineering College,Andhra Pradesh,Engineering,"Various Deemed Universities (GITAM, KLEF, VFSTR, Vignan, Amrita)",https://www.aceec.ac.in/placement-team-2/,,admissions@aceec.ac.in,,,,admissions@aceec.ac.in,+91-8712225044,0,,0,,Needs Follow-up,New
"ADARSHA Institute of Technology, Bangalore",Karnataka,Engineering,VTU,https://adarshaimit.org,,admission@adarshaimit.org,,,"+91-7406740088, +91-8026984938, +91-8026677100",admission@adarshaimit.org,+91-7406740077,0,,0,,Needs Follow-up,New
ALC Vijayawada,Andhra Pradesh,BCA,Krishna University,https://www.andhraloyolacollege.ac.in,,contactalc@gmail.com,,,+91-8662486084,contactalc@gmail.com,+91-8662476082,0,,0,,Needs Follow-up,New
AMC ENGINEERING COLLEGE,Karnataka,Engineering,,https://www.amcec.edu.in/,,,,,,,,65,,0,2026-08-03T09:33:34+00:00,Failed,New
"AMC Institutions, Bangalore",Karnataka,Engineering,VTU,https://amcgroup.edu.in/,,admissions@amceducation.in,,,,admissions@amceducation.in,+91-9902044114,0,,0,,Needs Follow-up,New
"AP University - VIT-AP University, Amaravati",Andhra Pradesh,Engineering,,https://vitap.ac.in/ug-pg-admissions,,,,,,,,55,,0,2026-08-02T12:29:17+00:00,Failed,New
"ATME College of Engineering, Mysuru",Karnataka,Engineering,VTU,https://atme.edu.in/,,info@atme.edu.in,,,"+91-9448285641, +91-9448285644",info@atme.edu.in,+91-9036926363,0,,0,,Needs Follow-up,New
AVANTHIS ST.THERESSA INST. OF ENGG AND TECH,Andhra Pradesh,Engineering,JNTUK/JNTUA (directory),https://sttheressaengg.ac.in,,sttheressa99@gmail.com,,,"+91-7893433345, +91-8952281062",sttheressa99@gmail.com,+91-9704755549,0,,0,,Needs Follow-up,New
Acharya Bangalore B-School,Karnataka,BCA,Bangalore University,https://www.abbs.edu.in/placements/recruiters/,,admissions@abbs.edu.in,,,"+91-9141707070, +91-9148977317",,+91-8065112211,0,,0,,Needs Follow-up,New
Acharya Institute of Graduate Studies,Karnataka,BCA,Bangalore University,https://www.acharya.ac.in/,,admissions@acharya.ac.in,,,"+91-9731797677, +91-9731779233, +91-8022555555",admissions@acharya.ac.in,+91-7406644449,0,,0,,Needs Follow-up,New
"Acharya Institute of Graduate Studies Chikkabanavara Lake, Bangalore",Karnataka,BCA,,https://www.acharya.ac.in/,,careers@acharya.ac.in,,"placements@acharya.ac.in, transport@acharya.ac.in, admissions@acharya.ac.in, alumni@acharya.ac.in, erphelpdesk@acharya.ac.in, hostelmanager@acharya.ac.in, headhr@acharya.ac.in, incubation@acharya.ac.in, ithelpdesk@acharya.ac.in, news@acharya.ac.in, research@acharya.ac.in, scholarship@acharya.ac.in, security@acharya.ac.in, acharyaupdates@acharya.ac.in, training@acharya.ac.in, info@acharya.ac.in","+91-7406644449, +91-9731797677, +91-9731779233, +91-8022555555",,+91-7406644449,100,"https://www.acharya.ac.in/about/jcoe.html, https://www.acharya.ac.in/about/leadership.html, https://www.acharya.ac.in/about/helpdesk.html, https://www.acharya.ac.in/about/campus-enterprises.html, https://www.acharya.ac.in/about/acharya-tbi.html, https://www.acharya.ac.in/about/diverse-nationalities.html, https://www.acharya.ac.in/, https://www.acharya.ac.in/events/",0,2026-08-02T14:02:10+00:00,Needs Follow-up,New
"Acharya Institute of Technology, Bangalore",Karnataka,Engineering,VTU,https://www.acharya.ac.in/,,admissions@acharya.ac.in,,,"+91-9731797677, +91-9731779233, +91-8022555555",admissions@acharya.ac.in,+91-7406644449,0,,0,,Needs Follow-up,New
"Acharya NG Ranga Agricultural University - [ANGRAU],",Andhra Pradesh,Engineering,JNTU,https://angrau.ac.in,,info@angrau.ac.in,,"emailregistrar@angrau.ac.in, farmercallcentre@angrau.ac.in, emailregistrar@angrau.ac.in, farmercallcentre@angrau.ac.in",+91-8074420092,info@angrau.ac.in,+91-7702366115,0,,0,,Needs Follow-up,New
Acharya Nagarjuna University - [ANU],Andhra Pradesh,BCA,Andhra University,https://www.anu.ac.in,,webmaster@anu.ac.in,,,,webmaster@anu.ac.in,,0,,0,,Needs Follow-up,New
"Acharya Nagarjuna University, Guntur",Andhra Pradesh,Engineering,,https://www.nagarjunauniversity.ac.in/,,,,,,,,100,,0,2026-08-02T12:40:02+00:00,Failed,New
Adarsh College of Engineering,Andhra Pradesh,Engineering,JNTUK/JNTUA (directory),http://www.adarsh.ac.in,,info@adarsh.ac.in,,,,info@adarsh.ac.in,+91-9603373378,0,,0,,Needs Follow-up,New
"Adichunchanagiri Institute of Technology, Chikmagalur",Karnataka,Engineering,VTU,http://aitckm.in,,jagadeeshchandra@aitckm.in,,"ds@aitckm.in, kumudat@aitckm.in, ashwinikamath@aitckm.in, ise@aitckm.in, chunchana@aitckm.in, siddarthade@aitckm.in, praveend@aitckm.in, hod.aiml@aitckm.in, hod.ise@aitckm.in",,jagadeeshchandra@aitckm.in,,0,,0,,Needs Follow-up,New
Aditya College of Engineering and Technology,Andhra Pradesh,Engineering,"Various Deemed Universities (GITAM, KLEF, VFSTR, Vignan, Amrita)",https://acem.ac.in/placement-cell/,,info@acem.ac.in,,,+91-7416963100,info@acem.ac.in,+91-7416948100,0,,0,,Needs Follow-up,New
Aditya Degree College Andhra Pradesh - Other,Andhra Pradesh,BCA,,https://aditya.ac.in/degree,,,,,,,,90,"https://aditya.ac.in/degree-placements/, https://aditya.ac.in/degree, https://aditya.ac.in/aicte.php, https://aditya.ac.in/exams.php, https://aditya.ac.in/cm.php, https://aditya.ac.in/disabled-friendly.php, https://aditya.ac.in/course/011%20B.Sc%20MICROBIOLOGY, https://aditya.ac.in/waterbodies.php",0,2026-08-02T15:31:24+00:00,Failed,New
Aditya Engineering College East Godavari,Andhra Pradesh,Engineering,,https://www.adityabirla.com/,,,,,,,,70,https://www.adityabirla.com/,0,2026-08-02T12:09:34+00:00,Failed,New
"Aditya Institute of Management Studies and Research - [AIMSR], Bangalore",Karnataka,BCA,Bangalore University,https://aimsbangalore.net/an-initiative-of-iqac-and-organized-by-placement-cell/,,enquiry@adityaedu.net,,"contact@adityaedu.net, principal@aimsbangalore.net","+91-7090001946, +91-9742292012",enquiry@adityaedu.net,+91-9620349000,0,,0,,Needs Follow-up,New
Aditya Institute of Technology and Management,Andhra Pradesh,Engineering,JNTUK/JNTUA (directory),https://www.adityatekkali.edu.in/placements.php,,info@adityatekkali.edu.in,,"tpo@adityatekkali.edu.in, srikanth.vvvs@adityatekkali.edu.in, srinivasarao.sh@adityatekkali.edu.in, sramkishore@adityatekkali.edu.in, tpo@adityatekkali.edu.in, srikanth.vvvs@adityatekkali.edu.in, srinivasarao.sh@adityatekkali.edu.in, sramkishore@adityatekkali.edu.in","+91-9246632103, +91-9441750606, +91-9885562369",info@adityatekkali.edu.in,+91-7989283335,0,,0,,Needs Follow-up,New
Aditya Institute of Technology and Management Engineering Courses,Andhra Pradesh,Engineering,,https://adityatekkali.edu.in/,,tpo@adityatekkali.edu.in,,"info@adityatekkali.edu.in, debnathb@adityatekkali.edu.in, srikanth.vvvs@adityatekkali.edu.in, srinivasarao.sh@adityatekkali.edu.in, sramkishore@adityatekkali.edu.in, ce.aitam@adityatekkali.edu.in, librarian@adityatekkali.edu.in, physicaldirector@adityatekkali.edu.in, ncc@adityatekkali.edu.in, nss@adityatekkali.edu.in, bvg.muralikrishna@adityatekkali.edu.in, cao@adityatekkali.edu.in, ao@adityatekkali.edu.in, chiefwarden@adityatekkali.edu.in, mvramana6028@adityatekkali.edu.in, aitamweb@adityatekkali.edu.in, director@adityatekkali.edu.in, principal@adityatekkali.edu.in, dean.academics@adityatekkali.edu.in, dean.dnp@adityatekkali.edu.in, deanadmin@adityatekkali.edu.in, dean.rnd@adityatekkali.edu.in, hod.cse@adityatekkali.edu.in, hod.csm@adityatekkali.edu.in, hod.csd@adityatekkali.edu.in, hod.ece@adityatekkali.edu.in, hod.mech@adityatekkali.edu.in, hod.it@adityatekkali.edu.in, hod.eee@adityatekkali.edu.in, hod.civil@adityatekkali.edu.in, hod.bsh@adityatekkali.edu.in, hod.mba@adityatekkali.edu.in, hod.mca@adityatekkali.edu.in, agkc@adityatekkali.edu.in, chappa_ramesh01@yahoo.co.in, skrmahanthi@gmail.com, yugndasari@gmail.com, ramesh_aitam@yahoo.com, dasaradha9999@gmail.com, info@gokartchampionship.com","+91-9440195534, +91-9440121465, +91-9903682993, +91-9441053733, +91-9959658266, +91-7021997415, +91-9247858288, +91-9866647223, +91-9490457054, +91-9246631433, +91-9849765747, +91-6300701673, +91-9491808717, +91-9441306123, +91-9985660927, +91-9492422132, +91-9490105045, +91-9938444417, +91-7013596024, +91-9704571003, +91-9010751045, +91-9704192559, +91-7989283335, +91-9246632103, +91-9441750606, +91-9100592618, +91-9440112840, +91-9866862697, +91-9959286923, +91-9440550343, +91-9246657913, +91-9246657911, +91-9246631885, +91-9494001194, +91-9440275540, +91-9966579138, +91-9246981131, +91-9246657914, +91-9246636904, +91-9246657908, +91-9121563613",,+91-9440195534,85,"https://adityatekkali.edu.in/industrytraining.php, https://adityatekkali.edu.in/contact.php, https://adityatekkali.edu.in/, https://adityatekkali.edu.in/hostels.php, https://adityatekkali.edu.in/gokart/, https://adityatekkali.edu.in/secretarymessage.php, https://adityatekkali.edu.in/grievances.php, https://adityatekkali.edu.in/startup_support.php",0,2026-08-03T11:43:19+00:00,Needs Follow-up,New
Aditya University,Andhra Pradesh,Engineering,"Various Deemed Universities (GITAM, KLEF, VFSTR, Vignan, Amrita)",https://www.adityauniversity.in,,info@adityauniversity.in,,,,info@adityauniversity.in,+91-9989776661,0,,0,,Needs Follow-up,New
Aditya degree college Rajahmundhry,Andhra Pradesh,BCA,Various AP Universities,https://aditya.ac.in/,,adcrjy@aditya.ac.in,,,,adcrjy@aditya.ac.in,+91-8842376662,0,,0,,Needs Follow-up,New
"Akshaya Institute of Technology, Tumkur",Karnataka,Engineering,VTU,https://ait-tumkur.ac.in/placement-team,,placement@ait-tumkur.ac.in,,"directorplacementait@gmail.com, placement@ait-tumkur.ac.in, principalakshayait@gmail.com","+91-9900909011, +91-9902252890, +91-9902238768, +91-9036934475, +91-7337725321, +91-8296322211",admissions.akshaya@gmail.com,+91-9686218245,0,,0,,Needs Follow-up,New
Alagappa Chettiar College of Engineering and Technology,Tamil Nadu,Engineering,Anna University,https://accet.ac.in/ecedept/ece-team,,accetprincipal@gmail.com,,"placementcell@accet.ac.in, drbaskaran@accetedu.in, placementcell@accet.ac.in, drbaskaran@accetedu.in",,accetprincipal@gmail.com,+91-4565224528,0,,0,,Needs Follow-up,New
Alagappa Government Arts College Sivaganga,Tamil Nadu,BCA,Anna University,https://rdgacollege.in/placement.php,,ketharajwelcomes@gmail.com,,"rdgacollege@gmail.com, rdgacollege@gmail.com",+91-9488525366,ketharajwelcomes@gmail.com,+91-9942037159,0,,0,,Needs Follow-up,New
"Alliance School of Applied Engineering, Bangalore",Karnataka,Engineering,,https://www.alliance.edu.in/,,,,,"+91-8046199000, +91-8041299200",placement@alliance.edu.in,+91-8046199000,100,"https://www.alliance.edu.in/about-us/teaching-excellence, https://www.alliance.edu.in/school/alliance-school-of-performing-visual-and-creative-arts, https://www.alliance.edu.in/school/alliance-global-business-school, https://www.alliance.edu.in/media-presence/",0,2026-08-02T10:58:21+00:00,Needs Follow-up,New
"Alliance University Bangalore - Alliance University, Bangalore",Karnataka,Engineering,,https://www.alliance.edu.in/,,,,,"+91-8046199000, +91-8041299200",placement@alliance.edu.in,+91-8046199000,100,"https://www.alliance.edu.in/placements/testimonials, https://www.alliance.edu.in/admissions/courses-fee-structure, https://www.alliance.edu.in/programmes/undergraduate, https://www.alliance.edu.in/campus-life/overview",0,2026-08-02T10:50:45+00:00,Needs Follow-up,New
Alliance University Vs Christ University,Andhra Pradesh,Engineering,,https://www.andhrauniversity.edu.in/,,,,,,,,100,,0,2026-08-02T11:35:53+00:00,Failed,New
"Alliance University, Bangalore Bangalore",Karnataka,BCA,,https://www.alliancerv.com/,,,,,,,,70,https://www.alliancerv.com/,0,2026-08-02T14:09:51+00:00,Failed,New
"Alpha College of Engineering, Bangalore",Karnataka,Engineering,VTU,https://alphagroup.edu/engineering/placement.php,,placementofficer@alphagroup.edu,,sujathaks@alphagroup.edu,,placementofficer@alphagroup.edu,+91-9944416301,0,,0,,Needs Follow-up,New
"Alva's Institute of Engineering and Technology, Moodabidri",Karnataka,Engineering,VTU,https://www.aiet.org.in,,principalaiet08@gmail.com,,,"+91-8050585606, +91-7026262725, +91-8055796060, +91-9448458334, +91-9845050268",principalaiet08@gmail.com,+91-8050579606,0,,0,,Needs Follow-up,New
"Alva’s College, Moodbidire Moodbidri",Karnataka,BCA,,https://alva-skates.com/,,,,,,,,70,"https://alva-skates.com/pages/contact-us, https://alva-skates.com/, https://alva-skates.com/search, https://alva-skates.com/pages/refund-policy, https://alva-skates.com/pages/become-an-alva-dealer, https://alva-skates.com/collections/truck, https://alva-skates.com/collections/complete, https://alva-skates.com/pages/warranty",0,2026-08-02T13:50:53+00:00,Failed,New
"Amity University, Bengaluru",Karnataka,Engineering,,https://www.amity.edu/bengaluru,,,,,,admissions.blr@amity.edu,+91-7303399000,90,"https://www.amity.edu/bengaluru, https://www.amity.edu/international/, https://www.amity.edu/bengaluru/public-self-disclosure.aspx, https://www.amity.edu/gwalior/, https://www.amity.edu/bengaluru/course-list.aspx?fd=Management&Programs=Graduate",0,2026-08-02T10:50:32+00:00,Failed,New
Amrita Sai Instt.of Sciences & Technology,Andhra Pradesh,Engineering,JNTUK/JNTUA (directory),https://amritasai.org.in/placements/training-and-placement-cell/,,info@amritasai.org.in,,"placements@amritasai.org.in, placements@amritasai.org.in","+91-9490794017, +91-9912889333, +91-8678277777",info@amritasai.org.in,+91-9490797539,0,,0,,Needs Follow-up,New
"Amrita School of Engineering, Coimbatore",Tamil Nadu,Engineering,,https://www.amrita.edu/,,,,"antiragging@c4yindia.orgwebsite, helpline@antiragging.inwebsite",,antiragging@c4yindia.orgwebsite,+91-8645277808,100,"https://www.amrita.edu/events/, https://www.amrita.edu/international/, https://www.amrita.edu/academics/?interest=pharmacy, https://www.amrita.edu/anti-ragging, https://www.amrita.edu/admissions/, https://www.amrita.edu/life-at-amrita/, https://www.amrita.edu/academics/?dgr=international, https://www.amrita.edu/terms-conditions/",0,2026-08-02T11:12:33+00:00,Needs Follow-up,New
"Amrutha Institute of Engineering and Management, Bangalore",Karnataka,Engineering,VTU,https://aiems.edu.in/,,aiemstpo@gmail.com,,principal@aiems.edu.in,+91-9141201831,aiemstpo@gmail.com,+91-9036568150,0,,0,,Needs Follow-up,New
Anantha Lakshmi Institute of Technology and Sciences,Andhra Pradesh,Engineering,JNTU,http://www.alits.ac.in,,principal@alits.ac.in,,,"+91-9676023906, +91-9492288869",principal@alits.ac.in,+91-9533513999,0,,0,,Needs Follow-up,New
"Andhra Polytechnic College, Kakinada",Andhra Pradesh,Engineering,,https://andhrapolytechnickakinada.ac.in/,,,+91-8842376192,principal_apt@yahoo.co.in,"+91-9490320247, +91-9440430467, +91-9441475196, +91-9100132356, +91-9493628389, +91-7737074757, +91-9491387266, +91-9000497191, +91-9494573316, +91-8125773957",principal_apt@yahoo.co.in,,100,"https://andhrapolytechnickakinada.ac.in/training-placement-committee, https://andhrapolytechnickakinada.ac.in/contact, https://andhrapolytechnickakinada.ac.in/, https://andhrapolytechnickakinada.ac.in/anti-ragging-committee, https://andhrapolytechnickakinada.ac.in/grievance-redressal-cell, https://andhrapolytechnickakinada.ac.in/department/automobile-engineering, https://andhrapolytechnickakinada.ac.in/examinitaion-cell-committee, https://andhrapolytechnickakinada.ac.in/academics",0,2026-08-02T12:40:25+00:00,Needs Follow-up,New
Andhra University College of Engineering Courses,Andhra Pradesh,Engineering,,https://www.greatandhra.com/,,,,,,,,70,"https://www.greatandhra.com/contact-us/, https://www.greatandhra.com/, https://www.greatandhra.com/articles/, https://www.greatandhra.com/box-office/, https://www.greatandhra.com/movies/",0,2026-08-03T09:13:17+00:00,Failed,New
"Andhra University College of Engineering, Andhra University, Visakhapatnam",Andhra Pradesh,Engineering,,https://www.andhrauniversity.edu.in/,,,,,,,,100,,0,2026-08-03T09:09:36+00:00,Failed,New
"Angadi Institute of Technology and Management, Belgaum",Karnataka,Engineering,VTU,https://aitmbgm.ac.in/nurturing-future-professionals-insights-from-the-training-and-placement-talk-at-aitm/,,info@aitmbgm.ac.in,,,+91-8312438123,info@aitmbgm.ac.in,+91-8312438100,0,,0,,Needs Follow-up,New
Anil Neerukonda Institute of Technology and Sciences Visakhapatnam,Andhra Pradesh,Engineering,,https://anits.edu.in/index2.html,,,,"principal@anits.edu.in, murali.eee@anits.edu.in, ao_admin@anits.edu.in","+91-8933226395, +91-7330789893, +91-9154220250, +91-9949867976",principal@anits.edu.in,+91-8933226395,55,"https://anits.edu.in/index2.html, https://anits.edu.in/honors_minors.php, https://anits.edu.in/index.html, https://anits.edu.in/, https://anits.edu.in/anits_onlinepayment.php, https://anits.edu.in/auditstatements.php, https://anits.edu.in/naac/rti.php, https://anits.edu.in/elearn_c.php",0,2026-08-03T14:06:31+00:00,Needs Follow-up,New
Anjalai Ammal Mahalingam Engineering College,Tamil Nadu,Engineering,Anna University,https://www.aamec.edu.in/,,placement@aamec.edu.in,,,,placement@aamec.edu.in,+91-4374232516,0,,0,,Needs Follow-up,New
"Anjuman Institute of Technology and Management, Bhatkal",Karnataka,Engineering,VTU,http://www.aitm.edu.in/,,aitm@anjuman.edu.in,,info@aitm.edu.in,+91-9916932224,aitm@anjuman.edu.in,+91-8385226283,0,,0,,Needs Follow-up,New
Anna University,Andhra Pradesh,Engineering,,https://www.annanurse.org/,,,,anna@annanurse.org,"+91-8886002662, +91-8562562320, +91-8565897463",anna@annanurse.org,+91-8886002662,70,"https://www.annanurse.org/contact-anna/, https://www.annanurse.org/, https://www.annanurse.org/advocacy/, https://www.annanurse.org/jobs/, https://www.annanurse.org/daisy-award/, https://www.annanurse.org/empowering-nephrology-nurses-introducing-anna-microcredentials/, https://www.annanurse.org/anna-news-updates/, https://www.annanurse.org/education/",0,2026-08-03T10:07:41+00:00,Needs Follow-up,New
Anna University - Ariyalur Campus,Tamil Nadu,Engineering,Anna University,https://auucea.edu.in,,ucea@auucea.edu.in,,,,ucea@auucea.edu.in,,0,,0,,Needs Follow-up,New
Anna University - Pattukkottai Campus,Tamil Nadu,Engineering,Anna University,https://ceg.annauniv.edu/placements.html,,deanceg@annauniv.edu,,"cegdeanoffice@gmail.com, cegdeanoffice@gmail.com","+91-4422358476, +91-4422358478",deanceg@annauniv.edu,+91-4422358491,0,,0,,Needs Follow-up,New
Anna University - Ramanathapuram Campus,Tamil Nadu,Engineering,Anna University,https://ceg.annauniv.edu/placements.html,,deanceg@annauniv.edu,,"cegdeanoffice@gmail.com, cegdeanoffice@gmail.com","+91-4422358476, +91-4422358478",deanceg@annauniv.edu,+91-4422358491,0,,0,,Needs Follow-up,New
Anna University - Tharamani Campus,Tamil Nadu,Engineering,Anna University,https://ceg.annauniv.edu/placements.html,,deanceg@annauniv.edu,,"cegdeanoffice@gmail.com, cegdeanoffice@gmail.com","+91-4422358476, +91-4422358478",deanceg@annauniv.edu,+91-4422358491,0,,0,,Needs Follow-up,New
Anna University - Thirukkuvalai Campus,Tamil Nadu,Engineering,Anna University,https://www.aucetk.edu.in,,dean_ucetk@aucetk.edu.in,,"deantkly@gmail.com, deantkly@gmail.com","+91-9123582235, +91-9842499222, +91-4366245234, +91-9363338721",dean_ucetk@aucetk.edu.in,+91-9360733994,0,,0,,Needs Follow-up,New
Anna University - Tirunelveli Campus,Tamil Nadu,Engineering,Anna University,http://www.auttvl.ac.in,,helpdesk@auttvl.ac.in,,,,helpdesk@auttvl.ac.in,+91-4622551298,0,,0,,Needs Follow-up,New
Anna University - Trichy Campus,Tamil Nadu,Engineering,Anna University,https://ceg.annauniv.edu/placements.html,,deanceg@annauniv.edu,,"cegdeanoffice@gmail.com, cegdeanoffice@gmail.com","+91-4422358476, +91-4422358478",deanceg@annauniv.edu,+91-4422358491,0,,0,,Needs Follow-up,New
Anna University -College of Engineering Viluppuram,Tamil Nadu,Engineering,Anna University,https://www.annauniv.edu/CUICCentre/placement.html,,cuic.annauniv@gmail.com,,"cuic@annauniv.edu, ic@annauniv.edu, cuic@annauniv.edu, ic@annauniv.edu",+91-4422358991,cuic.annauniv@gmail.com,+91-4422358994,0,,0,,Needs Follow-up,New
Anna University College of Engineering Arni,Tamil Nadu,Engineering,Anna University,https://ceg.annauniv.edu/placements.html,,deanceg@annauniv.edu,,"cegdeanoffice@gmail.com, cegdeanoffice@gmail.com","+91-4422358476, +91-4422358478",deanceg@annauniv.edu,+91-4422358491,0,,0,,Needs Follow-up,New
Anna University College of Engineering Tindivanam,Tamil Nadu,Engineering,Anna University,http://www.aucet.in,,deanoffice.ucet@gmail.com,,,,deanoffice.ucet@gmail.com,+91-4147224477,0,,0,,Needs Follow-up,New
Anna University V.O.Chidambaranar College of Engineering,Tamil Nadu,Engineering,Anna University,http://www.annaunivtut.in,,deanautut@annauniv.edu,,,+91-4612311545,deanautut@annauniv.edu,+91-4612310044,0,,0,,Needs Follow-up,New
"Annamacharya Institute of Technology and Sciences, Kadapa",Andhra Pradesh,Engineering,JNTUK,https://aitskadapa.ac.in/about-us,,tpo@aitskadapa.ac.in,,"sunil.alluvada@annamacharyagroup.org, sunil.alluvada@annamacharyagroup.org","+91-9848129910, +91-9885112899",tpo@aitskadapa.ac.in,+91-9603999592,0,,0,,Needs Follow-up,New
Annamacharya University Kadapa,Andhra Pradesh,Engineering,,https://annamacharyauniversity.edu.in/,,,,,,info@annamacharyauniversity.edu.in,+91-8565251252,100,,0,2026-08-02T12:04:46+00:00,Failed,New
Annamalai University Chidambaram,Tamil Nadu,BCA,Various TN Universities,http://www.annamalaiuniversity.ac.in,,au_regr@ymail.com,,,,au_regr@ymail.com,+91-4144238259,0,,0,,Needs Follow-up,New
Anurag University,Andhra Pradesh,Engineering,"Various Deemed Universities (GITAM, KLEF, VFSTR, Vignan, Amrita)",https://anurag.edu.in/placement-statistics,,info@anurag.edu.in,,,,info@anurag.edu.in,+91-8181057057,0,,0,,Needs Follow-up,New
Apollo Engineering College,Tamil Nadu,Engineering,Anna University,http://www.apolloengineeringcollege.ac.in,,info@apolloengineeringcollege.ac.in,,,,info@apolloengineeringcollege.ac.in,+91-9500000825,0,,0,,Needs Follow-up,New
Arakalagudu Varadarajulu Kanthamma College for women,Karnataka,BCA,University of Mysore,http://www.avkchsn.ac.in,,avkc_hsn@hotmail.com,,,,avkc_hsn@hotmail.com,+91-8172268568,0,,0,,Needs Follow-up,New
"Arihant Group of Institutions - [AGI], Bangalore",Karnataka,BCA,Bangalore University,https://agiedu.in/,,enquiry@agiedu.in,,,"+91-8028435446, +91-9353108166",enquiry@agiedu.in,+91-8043770027,0,,0,,Needs Follow-up,New
Arunachala College Of Engineering For Women,Tamil Nadu,Engineering,Anna University,https://acew.edu.in,,acewomenscollege@gmail.com,,,,acewomenscollege@gmail.com,+91-9487181849,0,,0,,Needs Follow-up,New
Ashoka Women's Engineering College,Andhra Pradesh,Engineering,JNTUK,https://www.ashokacollege.in/,,director_placements@ashokacollege.in,,"placements@ashokacollege.in, placements@ashokacollege.in","+91-9963542161, +91-9885120173, +91-7680076600",director_placements@ashokacollege.in,+91-8008363232,0,,0,,Needs Follow-up,New
"Atria Institute of Technology, Bangalore",Karnataka,Engineering,VTU,https://atria.edu.in,,admissions@atria.edu,,,,admissions@atria.edu,+91-7090329032,0,,0,,Needs Follow-up,New
Avanthis Research & Technological Academy,Andhra Pradesh,Engineering,JNTUK/JNTUA (directory),http://www.arta.ac.in,,ceo@arta.ac.in,,"hq.principal@gmail.com, hq.principal@gmail.com","+91-7382416389, +91-9603766552",ceo@arta.ac.in,+91-9701023789,0,,0,,Needs Follow-up,New
B V Raju Institute of Technology,Andhra Pradesh,Engineering,"Various Deemed Universities (GITAM, KLEF, VFSTR, Vignan, Amrita)",https://www.bvricedegree.edu.in,,bvrcollege@rediffmail.com,,"principal@bvricedegree.edu.in, principal@bvricedegree.edu.in",+91-9441075996,bvrcollege@rediffmail.com,+91-8816250861,0,,0,,Needs Follow-up,New
B.C.A. College Karnataka - Other,Karnataka,BCA,,https://collegesinfo.org/course/bca,,,,"reach@collegesinfo.org, monu@onecity.co.in, collegesinfo.org@gmail.com","+91-6363330233, +91-9902332033",reach@collegesinfo.org,+91-6363330233,45,"https://collegesinfo.org/course/bca, https://collegesinfo.org/mba-colleges, https://collegesinfo.org/exams, https://collegesinfo.org/college/govt-ayurveda-medical-college-mysuru, https://collegesinfo.org/stream/medical, https://collegesinfo.org/college/university-college-mangalore, https://collegesinfo.org/college/jnana-vikas-institute-of-technology-bangalore, https://collegesinfo.org/college/oxford-college-of-engineering",0,2026-08-02T13:54:05+00:00,Needs Follow-up,New
"B.G.S. Institute of Technology, Mandya",Karnataka,Engineering,VTU,http://www.bgsit.ac.in,,principal@bgsit.ac.in,,,+91-9886108095,principal@bgsit.ac.in,+91-9845973725,0,,0,,Needs Follow-up,New
"B.L.D.E.A's V.P. Dr. P.G. Halakatti College of Engineering and Technology, Bijapur",Karnataka,Engineering,VTU,http://www.bldeacet.ac.in/,,info@bldeacet.ac.in,,"admissions@bldeacet.ac.in, principal@bldeacet.ac.in",+91-8352262945,info@bldeacet.ac.in,+91-8352261120,0,,0,,Needs Follow-up,New
B.M.S. COLLEGE OF ENGINEERING,Karnataka,Engineering,,http://www.bmsce.ac.in/,,,+91-8026622130,info@bmsce.ac.in,+91-8026614357,info@bmsce.ac.in,,95,"http://www.bmsce.ac.in/, https://www.bmsce.ac.in/, http://www.bmsce.ac.in/placement, http://www.bmsce.ac.in/placements, http://www.bmsce.ac.in/placement-cell, http://www.bmsce.ac.in/training-and-placement, http://www.bmsce.ac.in/contact, http://www.bmsce.ac.in/contact-us",0,2026-08-03T05:42:25+00:00,Needs Follow-up,New
B.Sathyabama University BE /B.Tech,Tamil Nadu,Engineering,,https://www.sathyabama.ac.in/,,,,,,,+91-9600038122,100,,0,2026-08-02T11:04:56+00:00,Failed,New
B.V.C College of Engineering,Andhra Pradesh,Engineering,JNTUK/JNTUA (directory),http://www.bvcr.edu.in,,bvcr@bvcgroup.in,,,+91-9704578666,bvcr@bvcgroup.in,+91-9701599918,0,,0,,Needs Follow-up,New
BAPUJI INSTITUTE OF ENGINEERING & TECHNOLOGY,Karnataka,Engineering,,https://bietdvg.edu/,,,,"principal@bietdvg.edu, webmaster@bietdvg.edu",+91-8192222245,principal@bietdvg.edu,+91-8192222245,95,"https://bietdvg.edu/admission/contact, https://bietdvg.edu/facilities/garbage, https://bietdvg.edu/ranking.html, https://bietdvg.edu/alumini/alumni_corner_events, https://bietdvg.edu/facilities/internet, https://bietdvg.edu/facilities/ewaste",0,2026-08-02T12:22:37+00:00,Needs Follow-up,New
"BITS Pilani, Hyderabad Campus",Andhra Pradesh,Engineering,"Various Deemed Universities (GITAM, KLEF, VFSTR, Vignan, Amrita)",https://www.bits-pilani.ac.in/placement/,,webmaster@pilani.bits-pilani.ac.in,,,,webmaster@pilani.bits-pilani.ac.in,,0,,0,,Needs Follow-up,New
BMS College for Women,Karnataka,BCA,Bangalore University,https://www.bmscw.edu.in,,enquiry@bmscw.edu.in,,principal@bmscw.edu.in,"+91-9481237933, +91-7338367755, +91-8026601836",enquiry@bmscw.edu.in,+91-9481237930,0,,0,,Needs Follow-up,New
BMS College of Commerce and Management - BMSCCM Bangalore,Karnataka,BCA,,https://www.bmsccm.ac.in/,,,,"principal@bmsccm.ac.in, principal.bmsccm@gmail.com","+91-8026610174, +91-9620225400",principal@bmsccm.ac.in,+91-8026610174,100,"https://www.bmsccm.ac.in/, https://www.bmsccm.ac.in/registrationForAdmission/enquiry.php, https://www.bmsccm.ac.in/index.html, https://www.bmsccm.ac.in/placement, https://www.bmsccm.ac.in/placements, https://www.bmsccm.ac.in/placement-cell, https://www.bmsccm.ac.in/training-and-placement, https://www.bmsccm.ac.in/contact",0,2026-08-02T13:58:36+00:00,Needs Follow-up,New
BMS INSTITUTE OF TECHNOLOGY AND MANAGEMENT,Karnataka,Engineering,,https://bmsit.ac.in/,,,+91-8026611636,"principal@bmsit.in, pranavraikote@gmail.com, shinolavenus@gmail.com, deepashasingh1@gmail.com, ankithalasagi@gmail.com, akankshraosr@gmail.com","+91-8026146800, +91-8026146829, +91-9741590336, +91-8026146852, +91-8026146856",principal@bmsit.in,,65,"https://bmsit.ac.in/career.php, https://bmsit.ac.in/contact-details.php, https://bmsit.ac.in/, https://bmsit.ac.in/research-scholars.php, https://bmsit.ac.in/nba-dcp.php, https://bmsit.ac.in/news-details.php?url=3, https://bmsit.ac.in/principal.php, https://bmsit.ac.in/library-facilities.php",0,2026-08-03T11:22:01+00:00,Needs Follow-up,New
BNM INSTITUTE OF TECHNOLOGY,Karnataka,Engineering,,https://bit-bangalore.edu.in/,,,,,,,,95,https://bit-bangalore.edu.in/,0,2026-08-03T11:23:49+00:00,Failed,New
"BRAU SriKakulam - Dr BR Ambedkar University, Srikakulam",Andhra Pradesh,Engineering,,https://brau.edu.in/,,,+91-8942240900,"info@brau.edu.in, examsectiondrbrau@gmail.com",,info@brau.edu.in,,100,"https://brau.edu.in/studentcorner/career-development-centre, https://brau.edu.in/, https://brau.edu.in/facilities/hostel-for-boys, https://brau.edu.in/newsandevents/news?id=248, https://brau.edu.in/newsandevents/news?id=277, https://brau.edu.in/newsandevents/news?id=301, https://brau.edu.in/info/rti-act, https://brau.edu.in/newsandevents/news?id=309",0,2026-08-02T13:02:22+00:00,Needs Follow-up,New
"BSAU Chennai (Crescent) - BS Abdur Rahman Crescent Institute of Science and Technology, Chennai",Tamil Nadu,Engineering,,http://www.crescent-institute.edu.in/web/index.php,,,,cdoesupport@crescent.education,"+91-9543277888, +91-4422751347, +91-4422751348",cdoesupport@crescent.education,+91-9543277888,90,"http://www.crescent-institute.edu.in/web/contact-us.php, http://www.crescent-institute.edu.in/web/mca-syllabus.php, http://www.crescent-institute.edu.in/web/index-2.html, http://www.crescent-institute.edu.in/web/mca.php, http://www.crescent-institute.edu.in/web/visionary-team.php, http://www.crescent-institute.edu.in/web/people-mca.php",0,2026-08-02T16:39:18+00:00,Needs Follow-up,New
BVRIT Hyderabad College of Engineering for Women,Andhra Pradesh,Engineering,"Various Deemed Universities (GITAM, KLEF, VFSTR, Vignan, Amrita)",https://bvrithyderabad.edu.in/placements/training-and-placement-team/,,info@bvrithyderabad.edu.in,,"principal@bvrithyderabad.edu.in, principal@bvrithyderabad.edu.in",,info@bvrithyderabad.edu.in,+91-4042417773,0,,0,,Needs Follow-up,New
"BVV Sangha's Basaveshwar Engineering College, Bagalkot",Karnataka,Engineering,,https://becbgk.edu/,,,,"81963becprincipal@yahoo.comresults, 14872becbgklibrary@gmail.comcentral",,becprincipal@yahoo.com,+91-7618781963,65,"https://www.becbgk.edu/institute/contact, https://www.becbgk.edu/institute/about, https://becbgk.edu/, https://www.becbgk.edu/departments, https://www.becbgk.edu/student-life/overview, https://www.becbgk.edu/library, https://www.becbgk.edu/research",0,2026-08-02T10:59:57+00:00,Needs Follow-up,New
Badari Institute of Technology & Sciences for Women,Andhra Pradesh,Engineering,JNTUK/JNTUA (directory),https://ists.ac.in/placements/students-placed/,,info@ists.ac.in,,"istswomens101@gmail.com, aoists2020@gmail.com, principal@ists.ac.in, ao@ists.ac.in, istswomens101@gmail.com, aoists2020@gmail.com, principal@ists.ac.in, ao@ists.ac.in",+91-9505506101,info@ists.ac.in,+91-9505506111,0,,0,,Needs Follow-up,New
"Bahubali College of Engineering, Shravanabelagola",Karnataka,Engineering,VTU,https://shravanabelagola.org/bce,,principal@bce.org.in,,,"+91-9844806605, +91-9980665745",principal@bce.org.in,+91-9243505666,0,,0,,Needs Follow-up,New
"Ballari Institute of Technology and Management, Bellary",Karnataka,Engineering,VTU,http://www.bitm.edu.in/,,9035069651info@bitm.edu.in,,"bitmbly@gmail.com, info@bitm.edu.in","+91-9902499388, +91-8392237167",9035069651info@bitm.edu.in,+91-9035069651,0,,0,,Needs Follow-up,New
Banaras Hindu University,Andhra Pradesh,Engineering,,https://www.bhu.ac.in/,,,,,,,,95,"https://www.bhu.ac.in/, https://www.bhu.ac.in/Home/%7B%7BLang%7D%7D_2_16, https://www.bhu.ac.in/Search/1_2_16, https://www.bhu.ac.in/placement, https://www.bhu.ac.in/placements, https://www.bhu.ac.in/placement-cell, https://www.bhu.ac.in/training-and-placement, https://www.bhu.ac.in/contact",0,2026-08-02T11:43:53+00:00,Failed,New
"Bangalore College of Engineering and Technology, Bangalore",Karnataka,Engineering,VTU,https://bcet.co.in/,,bcetcollege@yahoo.com,,,,bcetcollege@yahoo.com,+91-9742258636,0,,0,,Needs Follow-up,New
"Bangalore Institute of Technology, Bangalore",Karnataka,Engineering,VTU,https://bit-bangalore.edu.in/placement-team,,placement@bit-bangalore.edu.in,,"bitplacement@yahoo.com, deekshithas@bit-bangalore.edu.in, gangadharasbit@gmail.com, nalinar@bit-bangalore.edu.in, anjan.mips@gmail.com, vanisrin@gmail.com, dpksreeram@gmail.com, lakshmi174.r@gmail.com, krishnar@bit-bangalore.edu.in, poornachandrathejaswis@bit-bangalore.edu.in, sudhab@bit-bangalore.edu.in, prathima005@gmail.com, usha@bit-bangalore.edu.in, kempannam@bit-bangalore.edu.in, spoorthia@bit-bangalore.edu.in, nisargam@bit-bangalore.edu.in, shylajav@bit-bangalore.edu.in, manjushreens@bit-bangalore.edu.in, ashok0584@gmail.com, bitdharma@gmail.com, principalbit4@gmail.com, principal@bit-bangalore.edu.in","+91-9900262772, +91-8022422741, +91-8050896634, +91-8867083215, +91-9880879754, +91-9448554852, +91-9945824760, +91-9538242447, +91-9886746450, +91-9901398846, +91-9449165763, +91-9980103459, +91-9611999441, +91-9945655545, +91-9972001401, +91-9743198279, +91-9742472074, +91-9901607567, +91-8884314850, +91-9986091750, +91-9743375045, +91-8026615865",placement@bit-bangalore.edu.in,+91-9902984984,0,,0,,Needs Follow-up,New
"Bangalore University Mysore Road, Bangalore",Karnataka,BCA,,https://www.bangaloreuniversityac.in/,,,,,,,,70,https://www.bangaloreuniversityac.in/,0,2026-08-02T13:50:34+00:00,Failed,New
"Bangalore University, Bangalore",Karnataka,BCA,Bangalore University,https://ddebubonline.in/contact-us.html,,admission@ddebubonline.in,,,,admission@ddebubonline.in,+91-8046807810,0,,0,,Needs Follow-up,New
Bannari Amman Institute of Technology,Tamil Nadu,Engineering,Anna University,https://www.bitsathy.ac.in/,,placement@bitsathy.ac.in,,"stayahead@bitsathy.ac.in, stayahead@bitsathy.ac.in","+91-4295226087, +91-9677851471, +91-9600975790, +91-9965617722, +91-8344833839, +91-9597391293, +91-8523991483, +91-4295226000, +91-9942921289",placement@bitsathy.ac.in,+91-4295226086,0,,0,,Needs Follow-up,New
Best Group Of Institutions,Andhra Pradesh,Engineering,JNTUK/JNTUA (directory),https://www.risekrishnasaigandhi.edu.in/placements/,,rise_gandhi@yahoo.com,,,,rise_gandhi@yahoo.com,+91-9390262623,0,,0,,Needs Follow-up,New
Bharathi Dhasan Engineering College,Tamil Nadu,Engineering,Anna University,https://bec.ac.in/,,placement2@bec.ac.in,,"principal@bec.ac.in, principal@bec.ac.in",,placement2@bec.ac.in,+91-8939690965,0,,0,,Needs Follow-up,New
Bharatiya Engineering Science and Technology Innovation University Anantapur,Andhra Pradesh,BCA,,https://bestiu.edu.in/,,,,info@bestiu.edu.in,"+91-7780724443, +91-7015169593, +91-9113537950, +91-9492725055, +91-8977808389, +91-7989171905, +91-9900793954, +91-9573211737",info@bestiu.edu.in,+91-7780724443,65,"https://bestiu.edu.in/placements-3, https://bestiu.edu.in/, https://bestiu.edu.in/department/school-of-arts-and-management-studies-sams, https://bestiu.edu.in/agritech-and-innovation, https://bestiu.edu.in/event/fudan-university-delegation-visit-to-bengaluru-bestiu-india-foundation, https://bestiu.edu.in/event/blood-donation-camp, https://bestiu.edu.in/media-press-release/meeting-with-the-leadership-of-singapore-institute-of-management, https://bestiu.edu.in/sponsoring-body",0,2026-08-02T15:40:27+00:00,Needs Follow-up,New
"Bheemanna Khandre Institute of Technology, Bhalki",Karnataka,Engineering,VTU,http://www.recbhalki.org/index.php,,info@recbhalki.org,,vishal.more1@gmail.com,+91-8484262663,info@recbhalki.org,+91-8484262288,0,,0,,Needs Follow-up,New
Bhimavaram Institute of Engineering & Technology,Andhra Pradesh,Engineering,JNTUK/JNTUA (directory),https://www.bietbvrm.ac.in,,principal@bietbvrm.ac.in,,"biet.exams@gmail.com, biet.exams@gmail.com",,principal@bietbvrm.ac.in,+91-6301288818,0,,0,,Needs Follow-up,New
Bishop Heber College,Tamil Nadu,BCA,,https://www.bhc.edu.in/,,,,"itmanager@bhc.edu.in, enquiry@bhc.edu.in, principal@bhc.edu.in","+91-9363449640, +91-9677444776, +91-9363449641, +91-4312770136",itmanager@bhc.edu.in,+91-9363449640,95,"https://www.bhc.edu.in/about/contact, https://www.bhc.edu.in/about/best-practices, https://www.bhc.edu.in/about/downloads, https://www.bhc.edu.in/about/calendar, https://www.bhc.edu.in/about/roll-of-honour, https://www.bhc.edu.in/about/core-values, https://www.bhc.edu.in/about/genesis, https://www.bhc.edu.in/about/code-of-conduct",0,2026-08-02T14:25:26+00:00,Needs Follow-up,New
Bonam Venkata Chalamaiah Institute of Technology & Sciences,Andhra Pradesh,Engineering,JNTUK/JNTUA (directory),https://bvcits.edu.in,,principal@bvcits.edu.in,,,,principal@bvcits.edu.in,+91-9985422678,0,,0,,Needs Follow-up,New
"Brindavan College of Engineering, Bangalore",Karnataka,Engineering,VTU,https://engineering.brindavancollege.edu.in/,,admissions@brindavancollege.com,,,,admissions@brindavancollege.com,+91-9606487201,0,,0,,Needs Follow-up,New
Brindavan Group Of Institutions,Andhra Pradesh,Engineering,JNTUK/JNTUA (directory),http://brindavancollege.edu.in,,admissions@brindavancollege.com,,,+91-9606487201,admissions@brindavancollege.com,+91-8028478388,0,,0,,Needs Follow-up,New
Buchepalli Venkayamma Subbareddy Engineering College,Andhra Pradesh,Engineering,JNTUK/JNTUA (directory),https://www.bvsr.ac.in,,bvsrec@gmail.com,,"info@srkit.in, info@srkit.in",,bvsrec@gmail.com,+91-7093642555,0,,0,,Needs Follow-up,New
"C. Byre Gowda Institute of Technology, Kolar",Karnataka,Engineering,VTU,https://cbitkolar.edu.in/course/training-and-placements/,,placement@cbitkolar.edu.in,,principal@cbitkolar.edu.in,"+91-8660712181, +91-9482504004, +91-9945995599",placement@cbitkolar.edu.in,+91-9900269745,0,,0,,Needs Follow-up,New
CCS University,Andhra Pradesh,Engineering,,https://www.ccsuniversity.ac.in/,,,,,,,,100,,0,2026-08-03T12:12:14+00:00,Failed,New
CMR College of Engineering and Technology,Andhra Pradesh,Engineering,"Various Deemed Universities (GITAM, KLEF, VFSTR, Vignan, Amrita)",http://www.cmrec.ac.in,,principal@cmrec.ac.in,,"ao@cmrec.ac.in, exams@cmrec.ac.in, socialmedia@cmrec.ac.in, ao@cmrec.ac.in, exams@cmrec.ac.in, socialmedia@cmrec.ac.in",+91-9248727231,principal@cmrec.ac.in,+91-9248727229,0,,0,,Needs Follow-up,New
CMR Institute of Management Studies Bangalore,Karnataka,BCA,,https://cmr.edu.in/,,,,info@cmr.edu.in,"+91-9342900666, +91-9741846688, +91-8025426977, +91-8025426988, +91-7022007672, +91-8025453088, +91-8025426944, +91-8028524477, +91-8951993762, +91-6366982923, +91-6364937858, +91-8951993761, +91-8951993760, +91-6366982922, +91-9108542221, +91-9513444635",info@cmr.edu.in,+91-9342900666,65,"https://cmr.edu.in/placement-cell/, https://cmr.edu.in/about-cmru/, https://cmr.edu.in/, https://cmr.edu.in/alumni/, https://cmr.edu.in/resources/, https://cmr.edu.in/common-core-curriculum-ccc/, https://cmr.edu.in/cmru-admissions/",0,2026-08-02T14:04:32+00:00,Needs Follow-up,New
CMR Institute of Technology,Andhra Pradesh,Engineering,"Various Deemed Universities (GITAM, KLEF, VFSTR, Vignan, Amrita)",https://cmrithyderabad.edu.in/placement-team/,,cmrgitpo@gmail.com,,"tpo@cmritonline.ac.in, lasunil123@gmail.com, skruksana1708@cmritonline.ac.in, pradeepb26@cmritonline.ac.in, priyadharshini@cmritonline.ac.in, 26@cmritonline.ac.in, anupenugonda1998@cmritonline.ac.in, rampriya@cmritonline.ac.in, brk5599@cmritonline.ac.in, shivavemula537@cmritonline.ac.in, divya@cmritonline.ac.in, principalcmrit@gmail.com, tpo@cmritonline.ac.in, lasunil123@gmail.com, skruksana1708@cmritonline.ac.in, pradeepb26@cmritonline.ac.in, priyadharshini@cmritonline.ac.in, 26@cmritonline.ac.in, anupenugonda1998@cmritonline.ac.in, rampriya@cmritonline.ac.in, brk5599@cmritonline.ac.in, shivavemula537@cmritonline.ac.in, divya@cmritonline.ac.in, principalcmrit@gmail.com","+91-9704409222, +91-9247962737, +91-9533490685, +91-9014897700, +91-9505061025, +91-6381965789, +91-9703257256, +91-8106905835, +91-8978944747, +91-9989655997, +91-7702619212, +91-8096550646, +91-9247961234, +91-8008557612",cmrgitpo@gmail.com,+91-9248727214,0,,0,,Needs Follow-up,New
"CMR University, Bangalore",Karnataka,Engineering,,https://cmr.edu.in/,,careers@cmr.edu.in,+91-9342900666,"info@cmr.edu.in, dr.-ayesha-zubair_ph.d.-in-economics-commerce-alumna@4x-460x350.png, dr.-divyashree-d_ph.d.-in-science-computer-studies-alumna@4x-460x350.png, joshua-milton_bca-alumnus@4x-460x350.png","+91-9741846688, +91-7022007672, +91-8028524477, +91-8951993762, +91-6366982923, +91-6364937858, +91-8951993761, +91-8951993760, +91-6366982922, +91-9108542221, +91-9513444635, +91-8025426977, +91-8025426988, +91-8025453088, +91-8025426944",,,100,"https://cmr.edu.in/, https://cmr.edu.in/placement-cell/, https://cmr.edu.in/blog/cmr-university-placement-record-top-recruiters-highest-package-and-sector-wise-data/, https://cmr.edu.in/careers/, https://cmr.edu.in/category/careers-internships/, https://cmr.edu.in/contact/, https://cmr.edu.in/about-cmru/, https://cmr.edu.in/about-cmru/statutory-approvals/, https://cmr.edu.in/about-cmru/leadership/, https://cmr.edu.in/about-cmru/awards/",0,2026-08-03T08:44:51+00:00,Verified,New
"Cambridge Institute of Technology, Bangalore",Karnataka,Engineering,VTU,https://btibangalore.org/placements/,,placement@btibangalore.org,,"emailplacement@btibangalore.org, placement@btibangalore.org, principal@btibangalore.org",,nowprincipal@btibangalore.org,+91-7090404050,0,,0,,Needs Follow-up,New
"Canara Engineering College, Bantwal",Karnataka,Engineering,VTU,https://www.canaraengineering.in/,,canarait@gmail.com,,,,canarait@gmail.com,+91-8792727001,0,,0,,Needs Follow-up,New
Cavalier institutions,Karnataka,BCA,Bangalore University,https://www.cavalierinstitutions.com/careers,,info@cavalierinstitutions.com,,,,info@cavalierinstitutions.com,+91-8951605777,0,,0,,Needs Follow-up,New
"Central Tribal University of Andhra Pradesh, Vizianagaram",Andhra Pradesh,Engineering,,https://ctuapcuet.samarth.edu.in/,,,,,,,,65,,0,2026-08-02T12:41:37+00:00,Failed,New
"Centurion University of Technology and Management, Andhra Pradesh Vizianagaram",Andhra Pradesh,Engineering,,https://teamcenturion.com/,,,,contactusmarketing@teamcenturion.com,"+91-7037494600, +91-7039910629, +91-2037519814, +91-2036543339, +91-2032865800, +91-2036027772, +91-9592153400, +91-8555079900",contactusmarketing@teamcenturion.com,+91-7037494600,70,"https://teamcenturion.com/contact-us/, https://teamcenturion.com/about-us/, https://teamcenturion.com/job-search/, https://teamcenturion.com/find-help/, https://teamcenturion.com/newsroom/, https://teamcenturion.com/network-providers/, https://teamcenturion.com/correctional-care-solutions/, https://teamcenturion.com/alternative-incarceration-programs/",0,2026-08-02T12:06:27+00:00,Needs Follow-up,New
Chaitanya Bharathi Institute of Technology Society,Andhra Pradesh,Engineering,"Various Deemed Universities (GITAM, KLEF, VFSTR, Vignan, Amrita)",http://cbit.ac.in/,,admissions_enquiry@cbit.ac.in,,"principal@cbit.ac.in, principal@cbit.ac.in",+91-8466997216,admissions_enquiry@cbit.ac.in,+91-8466997201,0,,0,,Needs Follow-up,New
"Chaitanya Bharathi Institute of Technology, Kadapa",Andhra Pradesh,Engineering,JNTUK,https://cbit.edu.in/,,tpo@cbit.edu.in,,"sreedhar.cse@cbit.edu.in, sreedhar.cse@cbit.edu.in",,tpo@cbit.edu.in,+91-7659807111,0,,0,,Needs Follow-up,New
Chaitanya Engineering College,Andhra Pradesh,Engineering,JNTUK/JNTUA (directory),http://cec.ac.in,,tpo@cec.ac.in,,"cao@cec.ac.in, cao@cec.ac.in",,tpo@cec.ac.in,+91-9989314488,0,,0,,Needs Follow-up,New
Chalapathi Institute of Engineering and Technology Guntur,Andhra Pradesh,Engineering,,https://chalapathiengg.ac.in/,,,+91-8333800596,"chalapathiengtech@yahoo.com, cietbshhod@chalapathiengg.ac.in",+91-8333800597,chalapathiengtech@yahoo.com,,100,"https://chalapathiengg.ac.in/career-guidance-training-placement-cell, https://chalapathiengg.ac.in/, https://chalapathiengg.ac.in/privacy-policy, https://chalapathiengg.ac.in/anti-ragging/, https://chalapathiengg.ac.in/aicte-approvels-accredation, https://chalapathiengg.ac.in/admission-intake, https://chalapathiengg.ac.in/finance-committee, https://chalapathiengg.ac.in/ncc",0,2026-08-02T12:11:22+00:00,Needs Follow-up,New
"Chanakya University, Bangalore",Karnataka,Engineering,,https://chanakyauniversity.edu.in/,,placementcell@chanakyauniversity.edu.in,+91-8550855092,"communication@chanakyauniversity.edu.in, sudeshna.m@chanakyauniversity.edu.in, tukaram.b@chanakyauniversity.edu.in, karthik.j@chanakyauniversity.edu.in, venkatesh@youthforseva.org, chairman@navgraam.in, savithas@svym.org.in, raja@isec.ac.in, mabsvym@gmail.com, sskphd13@gmail.com","+91-8031233107, +91-9036785978, +91-8031233133, +91-9900227382, +91-9686666300, +91-9900043493, +91-9606196016, +91-7899313006",,,100,"https://chanakyauniversity.edu.in/placement/, https://chanakyauniversity.edu.in/about-chanakya-university/, https://chanakyauniversity.edu.in/, https://chanakyauniversity.edu.in/centre-for-conscious-entrepreneurship/, https://chanakyauniversity.edu.in/ombudsman/, https://chanakyauniversity.edu.in/bioscience/, https://chanakyauniversity.edu.in/centre-for-social-impact/, https://chanakyauniversity.edu.in/center-for-excellence/",0,2026-08-03T13:16:13+00:00,Verified,New
"Channabasaveshwara Institute of Technology, Gubbi",Karnataka,Engineering,VTU,http://www.cittumkur.org/,,info@cittumkur.org,,,"+91-9449637043, +91-8867354168",info@cittumkur.org,+91-8164021402,0,,0,,Needs Follow-up,New
Chebrolu Engineering College Institute of Computer Electronics & Management,Andhra Pradesh,Engineering,JNTUK/JNTUA (directory),https://www.rvit.edu.in/trainingandplacementcell.php,,principal@rvit.edu.in,,"tpo@rvit.edu.in, alumni@rvit.edu.in, tpo@rvit.edu.in, alumni@rvit.edu.in",+91-9014098028,principal@rvit.edu.in,+91-9951222238,0,,0,,Needs Follow-up,New
"Chennai Institute of Technology, Chennai",Tamil Nadu,Engineering,,https://chennai.nic.in/,,,,,,tondiarpettaluk81@gmail.com,+91-4425268323,70,"https://chennai.nic.in/contact-us/, https://chennai.nic.in/, https://chennai.nic.in/documents/, https://chennai.nic.in/useful-websites-for-differently-abled/, https://chennai.nic.in/chennai-district-govt-blood-bank-voluntary-blood-donation-camp-schedule-for-the-year-2026-2027/, https://chennai.nic.in/eligible-applicants-belonging-to-chennai-district-may-apply-for-the-jeevan-raksha-padak-award-the-last-date-for-receiving-applications-is-17-08-2026/, https://chennai.nic.in/tourism/",0,2026-08-02T11:18:38+00:00,Failed,New
Chettinad College of Engineering and Technology,Tamil Nadu,Engineering,Anna University,https://www.chettinadtech.ac.in/,,info@chettinadtech.ac.in,,"careers@chettinadtech.ac.in, careers@chettinadtech.ac.in",,info@chettinadtech.ac.in,+91-9345002630,0,,0,,Needs Follow-up,New
Chikkanna Government Arts College Tiruppur,Tamil Nadu,BCA,Various TN Universities,http://cgac.in,,cgactpr@gmail.com,,,,cgactpr@gmail.com,+91-4212242152,0,,0,,Needs Follow-up,New
Christ University,Karnataka,BCA,,https://www.christianity.com/jesus,,,,firstpersonisrael@gmail.com,+91-8197299582,firstpersonisrael@gmail.com,+91-8197299582,60,"https://www.christianity.com/contact-us.html, https://www.christianity.com/about-christianity.html, https://www.christianity.com/bible/bible-verses-about-love-24, https://www.christianity.com/plus/, https://www.christianity.com/trivia/, https://www.christianity.com/jesus/, https://www.christianity.com/christian-life/, https://www.christianity.com/videos/",0,2026-08-02T13:29:09+00:00,Needs Follow-up,New
Christ University BCA,Karnataka,BCA,,https://christuniversity.in/,,,,mail@christuniversity.in,"+91-8040129100, +91-8040129000",mail@christuniversity.in,+91-8040129100,70,"https://christuniversity.in/how-to-reach-bangalore-yeshwanthpur-campus, https://christuniversity.in/code-of-conduct-for-staff, https://christuniversity.in/logo-and-anthem, https://christuniversity.in/Centre-Research, https://christuniversity.in/how-to-reach-pune-lavasa-campus, https://christuniversity.in/workshops-and-seminars, https://christuniversity.in/view-pdf/guidelines-for-entry-and-exit-into-bachelor-and-master-level-programmes, https://christuniversity.in/alumni-certificate-request-procedure",0,2026-08-02T13:21:41+00:00,Needs Follow-up,New
"City Engineering College, Bangalore",Karnataka,Engineering,VTU,https://cityengineeringcollege.ac.in/,,principal@cityengineeringcollege.ac.in,,"info@cityengineeringcollege.ac.in, admissions@cityengineeringcollege.ac.in",+91-6364914156,principal@cityengineeringcollege.ac.in,+91-6364914155,0,,0,,Needs Follow-up,New
Coimbatore Institute of Technology,Tamil Nadu,Engineering,Anna University,https://cit.edu.in/placements/placement-cell,,principal.citoffice@cit.edu.in,,"placement@cit.edu.in, placement@cit.edu.in","+91-9585594320, +91-9003022171, +91-9965632670",principal.citoffice@cit.edu.in,+91-9585594322,0,,0,,Needs Follow-up,New
"Coimbatore Marine College, Coimbatore",Tamil Nadu,Engineering,,https://coimbatore.nic.in/,,,,,,,+91-4222522886,70,,0,2026-08-02T11:03:38+00:00,Failed,New
College Reviews,Andhra Pradesh,Engineering,,http://andhracolleges.com/,,,,andhracolleges@gmail.com,,andhracolleges@gmail.com,,55,"http://andhracolleges.com/, http://andhracolleges.com/colleges/colleges.aspx?type=M.Pharmacy&dist=Prakasam, http://andhracolleges.com/colleges/Default.aspx, http://andhracolleges.com/colleges/colleges-ap.aspx?type=Homeopathic, http://andhracolleges.com/colleges/colleges-ap.aspx?type=Home%20Science, http://andhracolleges.com/colleges/colleges.aspx?type=ME-MTech&dist=Nalgonda, http://andhracolleges.com/colleges/colleges.aspx?type=MBA-MCA&dist=Srikakulam, http://andhracolleges.com/colleges/colleges.aspx?type=M.Pharmacy&dist=Krishna",0,2026-08-03T11:51:38+00:00,Needs Follow-up,New
College Specific Scholarships,Andhra Pradesh,Engineering,,https://www.indiascholarships.in/scholarships-in/andhra-pradesh,,,,"contact@indiascholarships.in, jnanabhumi.helpdesk@ap.gov.innot, jnanabhumi.helpdesk@ap.gov.in, contact@indiascholarships.intry, support-gsws@ap.gov.innot, support-gsws@ap.gov.in",+91-8645274025,contact@indiascholarships.in,+91-8645274025,60,"https://www.indiascholarships.in/about, https://www.indiascholarships.in/scholarships-in/andhra-pradesh, https://www.indiascholarships.in/scholarships/jagananna-vidya-deevena-ap, https://www.indiascholarships.in/scholarships/andhra-pradesh-postmatric-sc, https://www.indiascholarships.in/scholarships/talliki-vandanam-scheme-ap, https://www.indiascholarships.in/scholarships/jagananna-vasathi-deevena-ap, https://www.indiascholarships.in/private-scholarships, https://www.indiascholarships.in/scholarships-for/sports",0,2026-08-03T10:34:41+00:00,Needs Follow-up,New
"College of Agricultural Engineering, Acharya NG Ranga Agricultural University, Madakasira",Andhra Pradesh,Engineering,,https://www.occc.edu/,,,,,,,,65,,0,2026-08-02T12:42:20+00:00,Failed,New
"College of Dairy Technology, Tirupati",Andhra Pradesh,Engineering,,https://floridacollege.edu/,,,,"moseleyc@floridacollege.edu, asset-8@2x.png",+91-8139885131,moseleyc@floridacollege.edu,+91-8139885131,85,"https://floridacollege.edu/careers/, https://floridacollege.edu/about/, https://floridacollege.edu/, https://floridacollege.edu/degrees/, https://floridacollege.edu/give/, https://floridacollege.edu/academics/, https://floridacollege.edu/fc-serves/, https://floridacollege.edu/student-life/",0,2026-08-02T12:43:34+00:00,Needs Follow-up,New
"College of Engineering, Sri Venkateswara University",Andhra Pradesh,Engineering,,https://floridacollege.edu/,,,,,+91-8139885131,,+91-8139885131,85,https://floridacollege.edu/contact-us/,0,2026-08-02T11:59:08+00:00,Needs Follow-up,New
"College of Food Science and Technology, Bapatla",Andhra Pradesh,Engineering,,https://www.thecrowncollege.edu/,,,,,,,,85,,0,2026-08-02T12:46:33+00:00,Failed,New
"Coorg Institute of Technology, Ponnampet",Karnataka,Engineering,VTU,https://www.citcoorg.edu.in/placements/,,placement@citcoorg.edu.in,,"citplacementdept@gmail.com, info@citcoorg.edu.in","+91-7337754246, +91-9503449171",placement@citcoorg.edu.in,+91-8971604232,0,,0,,Needs Follow-up,New
DAYANANDA SAGAR COLLEGE OF ENGINEERING BANGALORE,Karnataka,Engineering,,https://www.dayanandasagar.edu/,,,,"suryakantmk@dayanandasagar.edu, sevp@dayanandasagar.edu, gm-cr@dayanandasagar.edu, cio@dayanandasagar.edu, dsihostel@dayanandasagar.edu, ppl-dsce@dayanandasagar.edu, dir-pgdm@dayanandasagar.edu, dir-mba-bu@dayanandasagar.edu, dir-mcabu@dayanandasagar.edu, ppl-pharmacy@dayanandasagar.edu, ppl-diploma@dayanandasagar.edu, vppl-diploma@dayanandasagar.edu, mca-vtu@dayanandasagar.edu, facility@dayanandasagar.edu, purchase@dayanandasagar.edu, accounts@dayanandasagar.edu, librarian@dayanandasagar.edu, icseschool@dayanandasagar.edu, accounts@dsatm.edu.in, exams@dsatm.edu.in, admissions@dayanandasagar.edu, getmein@dsbs.edu.in, hod-bt@dayanandasagar.edu, hod-chml@dayanandasagar.edu, hod-cvl@dayanandasagar.edu, hod-cse@dayanandasagar.edu, hod-ece@dayanandasagar.edu, hod-eee@dayanandasagar.edu, hod-iem@dayanandasagar.edu, hod-inmt@dayanandasagar.edu, hod-ise@dayanandasagar.edu, hod-me@dayanandasagar.edu, hod-ml@dayanandasagar.edu, hod-tc@dayanandasagar.edu, hod-arc@dayanandasagar.edu, hod-au@dayanandasagar.edu, hod-ctm@dayanandasagar.edu, hod-aero@dayanandasagar.edu, hod-mba-vtu@dayanandasagar.edu, hod-maths@dayanandasagar.edu, hod-physics@dayanandasagar.edu, hod-chemistry@dayanandasagar.edu, deanexams@dayanandasagar.edu, principal@dsatm.edu.in, admission@dsatm.edu.in, fmdsatm@gmail.com, hodarc@dsatm.edu.in, hodise@dsatm.edu.in, hod.eee@dsatm.edu.in, hodmaths@dsatm.edu.in, hodchem@dsatm.edu.in, hodphy@dsatm.edu.in, hodmech@dsatm.edu.in, hodcivil@dsatm.edu.in, hodec@dsatm.edu.in, hodcse@dsatm.edu.in, hodmba@dsatm.edu.in, mahesh21s@yahoo.com, redreshmlisc@gmail.com, shwetha.prakash@dsbs.edu.in, admissions@dsbs.edu.in, principal@dscds.edu.in","+91-8028432777, +91-8028432909, +91-8049251548, +91-8049251549, +91-8026660789, +91-8028432999, +91-9900725204, +91-9620427922, +91-9986120475, +91-8042161721, +91-8042161759, +91-8026663981, +91-8042161092, +91-9916510230, +91-8041511756, +91-9036731035, +91-9448827385, +91-9845139820, +91-9900414890, +91-9449149165, +91-9980237321, +91-9886566225, +91-9036702948, +91-8792909134, +91-9164100087, +91-9900497237, +91-9611515262, +91-9916075170, +91-9741882324, +91-9741889394, +91-9741214448, +91-8042161751, +91-8792909121, +91-9972780251, +91-8792909113, +91-9972560251, +91-8026662226, +91-9844074091, +91-8042161701, +91-8042161704, +91-8042161705, +91-9844276071",suryakantmk@dayanandasagar.edu,+91-8028432777,100,"https://www.dayanandasagar.edu/careers, https://www.dayanandasagar.edu/contact-us/maps-directions, https://www.dayanandasagar.edu/contact-us/campus-2, https://www.dayanandasagar.edu/contact-us, https://www.dayanandasagar.edu/contact-us/campus-1, https://www.dayanandasagar.edu/about-dsi/dsi-glance, https://www.dayanandasagar.edu/about-dsi/vision-mission, https://www.dayanandasagar.edu/about-dsi/leadership",0,2026-08-03T09:34:13+00:00,Needs Follow-up,New
DR. AMBEDKAR INSTITUTE OF TECHNOLOGY,Karnataka,Engineering,,https://drait.edu.in/,,,,,,prm@drait.edu.in,+91-9741940511,65,https://drait.edu.in/,0,2026-08-03T05:47:19+00:00,Failed,New
Dadi Institute of Engineering and Technology (Autonomous) Visakhapatnam,Andhra Pradesh,BCA,Various AP Universities,http://www.diet.edu.in,,admissions@diet.edu.in,,,+91-9963694444,admissions@diet.edu.in,+91-9963981111,0,,0,,Needs Follow-up,New
Davangere University,Karnataka,BCA,University of Mysore,http://www.davangereuniversity.ac.in/,,registrar@davangereuniversity.ac.in,,,,registrar@davangereuniversity.ac.in,+91-8192208029,0,,0,,Needs Follow-up,New
"Daya[]da Sagar College of Arts, Science and Commerce - [DSCASC], Bangalore",Karnataka,BCA,Bangalore University,http://dscasc.edu.in,,admissions@dayanandasagar.edu,,geetha.raheja@dayanandasagar.edu,"+91-9972780251, +91-8792909113, +91-9972560251, +91-8042161709, +91-8026660789",admissions@dayanandasagar.edu,+91-8792909121,0,,0,,Needs Follow-up,New
"Dayananda Sagar Academy of Technology and Management, Bangalore",Karnataka,Engineering,VTU,http://www.dsatm.edu.in/,,placements@dsatm.edu.in,,"triptikulkarni@dsatm.edu.in, sandhya.v@dsatm.edu.in, rammohan@dsatm.edu.in, girishpushparaj@dsatm.edu.in, sreenivasasetty@dsatm.edu.in, samatha-ise@dsatm.edu.in, principal@dsatm.edu.in, reena-ece@dsatm.edu.in, sangeeta-ise@dsatm.edu.in, enquiry@dsatm.edu.in","+91-8049251549, +91-8951890085, +91-8951890084, +91-9164100087",placements@dsatm.edu.in,+91-8049251548,0,,0,,Needs Follow-up,New
"Dayananda Sagar College of Engineering, Bangalore",Karnataka,Engineering,,https://www.dayanandasagar.edu/,,,,,,,+91-8042161705,100,"https://www.dayanandasagar.edu/contact-us/maps-directions, https://www.dayanandasagar.edu/contact-us, https://www.dayanandasagar.edu/dsis/is-contact-is, https://www.dayanandasagar.edu/about.php, https://www.dayanandasagar.edu/dsit/",0,2026-08-03T06:03:31+00:00,Failed,New
"Dayananda Sagar University, Bangalore",Karnataka,Engineering,,https://www.dayanandasagar.edu/,,,,,"+91-8792909121, +91-9972780251, +91-8792909113, +91-9972560251, +91-8042161750, +91-9900725204, +91-9620427922, +91-9986120475, +91-8042161721, +91-8042161759, +91-8026663981, +91-8042161092, +91-8026660789",,+91-8042161705,100,"https://www.dayanandasagar.edu/contact-us/campus-2, https://www.dayanandasagar.edu/dsit/contact, https://www.dayanandasagar.edu/fee-payment",0,2026-08-02T10:56:07+00:00,Needs Follow-up,New
Dhanalakshmi Srinivasan Engineering College,Tamil Nadu,Engineering,Anna University,https://dsengg.ac.in,,dsec.office@dsengg.ac.in,,,"+91-4427442844, +91-4427443844, +91-9499051266, +91-7824809192, +91-7094433186",dsec.office@dsengg.ac.in,+91-7094466503,0,,0,,Needs Follow-up,New
"Don Bosco Institute of Technology, Bangalore",Karnataka,Engineering,VTU,https://dbit.co.in/?utm_source=GMB&utm_medium=profile&utm_campaign=Website_Clicks,,admissions@dbit.co.inmore,,"enquiry@dbit.co.in, admissions@donboscobangalore.education, admissions@dbit.co.in","+91-9900361100, +91-9972005511, +91-8028437028, +91-7259855234, +91-9880636244",admissions@dbit.co.inmore,+91-8880716716,0,,0,,Needs Follow-up,New
"Dr MGR Educational and Research Institute, Chennai",Tamil Nadu,Engineering,,https://drmgrdu.ac.in/,,,,"dean-cope@drmgrdu.ac.in, contact@drmgrdu.ac.in, arch-admission@drmgrdu.ac.in","+91-9677502244, +91-9940079729, +91-4423782176, +91-4426800505",dean-cope@drmgrdu.ac.in,+91-9677502244,65,"https://drmgrdu.ac.in/activities/career-guidance-cell, https://drmgrdu.ac.in/, https://drmgrdu.ac.in/architecture/, https://drmgrdu.ac.in/student-service/, https://drmgrdu.ac.in/ahs/home, https://drmgrdu.ac.in/examination/, https://drmgrdu.ac.in/student-servicestudents/student-verification, https://drmgrdu.ac.in/physiotherapy/home",0,2026-08-03T10:22:23+00:00,Needs Follow-up,New
Dr. B. R. Ambedkar University - [BRAU],Andhra Pradesh,BCA,Andhra University,http://www.brau.edu.in,,info@brau.edu.in,,"examsectiondrbrau@gmail.com, examsectiondrbrau@gmail.com",,info@brau.edu.in,+91-8942240900,0,,0,,Needs Follow-up,New
Dr. N.G.P. Arts and Science College,Tamil Nadu,BCA,,https://www.drngpasc.ac.in/,,placement@drngpasc.ac.in,+91-4222369321,"roweena@drngpasc.ac.in, manjula@drngpasc.ac.in, ngeetha@drngpasc.ac.in, devipriya@drngpasc.ac.in, shenbagarajan.p@drngpasc.ac.in, sudha.s@drngpasc.ac.in, prasanth.s@drngpasc.ac.in, poornadivya.r@drngpasc.ac.in, jothi.g@drngpasc.ac.in, sowmiya.t@drngpasc.ac.in, eunicerenita@drngpasc.ac.in, madhudharani.r@drngpasc.ac.in, kuzhalvizhi.m@drngpasc.ac.in, mahalakshmi.p@drngpasc.ac.in, sangavi.n@drngpasc.ac.in, drngparts@kmch.ac.in, info@kmch.ac.in, mohan@drngpasc.ac.in, drsudha@drngpasc.ac.in, deanresearch@drngpasc.ac.in, dean.bas.bs@drngpasc.ac.in, deancomputerscience@drngpasc.ac.in, deancommerce@drngpasc.ac.in, meatrust@dataone.in",+91-9442853333,,,100,"https://www.drngpasc.ac.in/placement.php, https://www.drngpasc.ac.in/best-arts-college-with-the-best-placement-in-coimbatore-tamilnadu, https://www.drngpasc.ac.in/about-dr-ngp-arts-and-science-college-coimbatore, https://www.drngpasc.ac.in/, https://www.drngpasc.ac.in/best-research-colleges-in-coimbatore-tamilnadu, https://www.drngpasc.ac.in/dr-ngp-arts-and-science-college-scholarship, https://www.drngpasc.ac.in/sitemap.php, https://www.drngpasc.ac.in/dr-ngp-arts-and-science-college-courses",0,2026-08-02T15:07:11+00:00,Verified,New
Dr. RVR NRI Institute of Technology (NRI Deemed University),Andhra Pradesh,Engineering,"Various Deemed Universities (GITAM, KLEF, VFSTR, Vignan, Amrita)",https://rvrnriuniversity.edu.in/placements/,,info@rvrnriuniversity.edu.in,,,+91-9247598461,info@rvrnriuniversity.edu.in,+91-9640334422,0,,0,,Needs Follow-up,New
"Dr. RVR NRI Institute of Technology – Deemed to be University, Agiripalli Krishna",Andhra Pradesh,Engineering,,https://rvrnriuniversity.edu.in/about-the-university,,,+91-9640334422,"hr@nriit.edu.in, info@rvrnriuniversity.edu.in",+91-9247598461,hr@nriit.edu.in,,90,"https://rvrnriuniversity.edu.in/placements/, https://rvrnriuniversity.edu.in/career/, https://rvrnriuniversity.edu.in/about-the-university/, https://rvrnriuniversity.edu.in/advisory-committee/, https://rvrnriuniversity.edu.in/executive-council/, https://rvrnriuniversity.edu.in/ombudsperson/, https://rvrnriuniversity.edu.in/leadership/, https://rvrnriuniversity.edu.in/school-of-engineering/",0,2026-08-02T12:15:17+00:00,Needs Follow-up,New
"Dr. SNS Rajalakshmi College of Arts and Science, SNS Group of Institutions",Tamil Nadu,BCA,,https://drsnsrcas.ac.in/,,,,"office@drsnsrcas.ac.in, job@snsgroups.com","+91-2108504389, +91-9566423456, +91-9003655855, +91-7550316701",office@drsnsrcas.ac.in,+91-2108504389,65,"https://drsnsrcas.ac.in/about.html, https://drsnsrcas.ac.in/, https://drsnsrcas.ac.in/index.html, https://drsnsrcas.ac.in/success.html, https://drsnsrcas.ac.in/facilities.html, https://drsnsrcas.ac.in/innovation.html, https://drsnsrcas.ac.in/placement",0,2026-08-02T14:15:59+00:00,Needs Follow-up,New
"Dr. Sri Sri Sri Shivakumara Mahaswamiji College of Engineering, Bangalore",Karnataka,Engineering,VTU,https://drsmce.org/about-placement-cell,,principaldrsmce@gmail.com,,,+91-9845583294,principaldrsmce@gmail.com,+91-9886758331,0,,0,,Needs Follow-up,New
"Dravidian University College of Engineering and Technology, Kuppam",Andhra Pradesh,Engineering,,https://dravidianuniversity.ac.in/,,,,,+91-2108504389,,+91-2108504389,100,https://dravidianuniversity.ac.in/sitemap,0,2026-08-02T12:55:10+00:00,Needs Follow-up,New
E.G.S Pillay Engineering College,Tamil Nadu,Engineering,Anna University,https://egspec.org/index.php,,placement@egspec.org,,,"+91-4356251114, +91-7373067032, +91-8680954537",placement@egspec.org,+91-9363087377,0,,0,,Needs Follow-up,New
EAST WEST SCHOOL OF BUSINESS MANAGEMENT,Karnataka,BCA,Bangalore University,https://ewsbm.edu.in,,principalewsbm@gmail.com,,,,principalewsbm@gmail.com,+91-9880622638,0,,0,,Needs Follow-up,New
"East Point College of Engineering and Technology, Bangalore",Karnataka,Engineering,VTU,http://www.eastpoint.ac.in/,,admissions@eastpoint.ac.in,,,"+91-8028472999, +91-8025073904",admissions@eastpoint.ac.in,+91-7204229999,0,,0,,Needs Follow-up,New
"East Point College of Engineering for Women, Bangalore",Karnataka,Engineering,VTU,http://www.eastpoint.ac.in/,,admissions@eastpoint.ac.in,,,"+91-8028472999, +91-8025073904",admissions@eastpoint.ac.in,+91-7204229999,0,,0,,Needs Follow-up,New
"East West Institute of Technology, Bangalore",Karnataka,Engineering,VTU,http://www.ewit.edu.in/,,8904118555rajendra.bn@ewit.edu.in,,"principal@ewit.edu.in, admissions@ewgi.edu.in, info@ewit.edu.in, 31555admissions@ewgi.edu.in, 6732info@ewit.edu.in, emailadmissions@ewgi.edu.in","+91-7090627777, +91-7338648555",8904118555rajendra.bn@ewit.edu.in,+91-7090427777,0,,0,,Needs Follow-up,New
"Easwari Engineering College, Chennai",Tamil Nadu,Engineering,,https://srmeaswari.ac.in/,,,,,,helpdesk@eec.srmrmp.edu.in,+91-9750880442,100,,0,2026-08-02T11:07:20+00:00,Failed,New
Ebenezer Group of Institutions,Karnataka,BCA,Bangalore University,http://www.ebenezercollege.edu.in/,,ebenezercorindians@gmail.com,,hr@ebenezercollege.edu.in,,ebenezercorindians@gmail.com,+91-8050024004,0,,0,,Needs Follow-up,New
Erode Sengunthar Engineering College,Tamil Nadu,Engineering,Anna University,https://erode-sengunthar.ac.in/tap-vision-and-mission/tap-placement-coordinators,,jameer@hit.edu.in,,"placement@esec.ac.in, tpo1@esec.ac.in, placement@esec.ac.in, tpo1@esec.ac.in",+91-9842674222,jameer@hit.edu.in,+91-9442132706,0,,0,,Needs Follow-up,New
FBS Business School Vijayawada,Andhra Pradesh,BCA,Krishna University,https://fbsbschool.com/,,info@fbsbschool.com,,,,info@fbsbschool.com,+91-9052775779,0,,0,,Needs Follow-up,New
FX School,Andhra Pradesh,Engineering,,http://www.fxschool.ac.in/,,,,"info@fxschool.ac.in, info@fxschool.ac.inwww.fxschool.ac.in","+91-8012551452, +91-4622502282",info@fxschool.ac.in,+91-8012551452,100,"http://www.fxschool.ac.in/, http://www.fxschool.ac.in/contact, http://www.fxschool.ac.in/aboutus",0,2026-08-02T11:36:11+00:00,Needs Follow-up,New
"Faculty of Engineering and Technology, Jain University, Bangalore",Karnataka,Engineering,,https://set.jainuniversity.ac.in/,,placements@jainuniversity.ac.in,+91-9900385871,"s.chaithra@jainuniversity.ac.in, senthil.nk@jainuniversity.ac.inr.preeti, ks.kiran@jainuniversity.ac.in, senthil.nk@jainuniversity.ac.in, r.preeti@jainuniversity.ac.in, int.sfs@jgi.ac.in, admin.fet@jainuniversity.ac.in, admission.set@jainuniversity.ac.in, admissions.intl@jainuniversity.ac.in, shine.jainuniveristy@gmail.com, kushalpawan99@gmail.com","+91-7337618222, +91-7337619222, +91-8069279444, +91-8046501767, +91-9606045274, +91-8073506716, +91-8027577200, +91-9342345677, +91-8095210201",,,95,"https://set.jainuniversity.ac.in/placements/, https://set.jainuniversity.ac.in/key-contacts, https://set.jainuniversity.ac.in/contacts/, https://set.jainuniversity.ac.in/about-best-faculty-of-engineering-and-technology, https://set.jainuniversity.ac.in/, https://set.jainuniversity.ac.in/btech-admissions-in-bangalore, https://set.jainuniversity.ac.in/alumni/, https://set.jainuniversity.ac.in/news/alumni-association-inaugurated-to-strengthen-industry-mentorship-and-institutional-engagement",0,2026-08-03T09:39:15+00:00,Verified,New
Fathima Michael College of Engineering and Technology,Tamil Nadu,Engineering,Anna University,http://www.fmcet.ac.in,,principal@fmcet.ac.in,,"mr@fmcet.ac.in, placements@fmcet.ac.in, mr@fmcet.ac.in, placements@fmcet.ac.in",+91-9942982321,principal@fmcet.ac.in,+91-9942982322,0,,0,,Needs Follow-up,New
Fergusson College,Andhra Pradesh,Engineering,,https://www.fergusson.edu/,,,,"contact@fergusson.edu, principal@fergusson.edu",+91-2067656000,contact@fergusson.edu,+91-2067656000,100,"https://www.fergusson.edu/, https://fergusson.edu/ps0-cos-peo-po, https://fergusson.edu/iqac-quality-policy, https://fergusson.edu/hostel-admissions-2024-25, https://fergusson.edu/nirf, https://fergusson.edu/institutional-bodies, https://fergusson.edu/idole-indienne-2026-singing-contest, https://fergusson.edu/national-service-scheme-nss",0,2026-08-03T09:56:44+00:00,Needs Follow-up,New
"G M Institute of Technology, Davanagere",Karnataka,Engineering,VTU,http://www.gmit.ac.in,,info@gmit.ac.in,,,"+91-8192296035, +91-8192233345",info@gmit.ac.in,+91-6364259993,0,,0,,Needs Follow-up,New
G Pullaiah College of Engineering and Technology Kurnool,Andhra Pradesh,Engineering,,https://www.gpcet.ac.in/,,,,,,placementofficer@gpcet.ac.in,+91-8639756663,65,"https://www.gpcet.ac.in/, https://www.gpcet.ac.in/rti/, https://www.gpcet.ac.in/research_home/, https://www.gpcet.ac.in/scholarships/, https://www.gpcet.ac.in/antiragging-affidavit/, https://www.gpcet.ac.in/digital-library/, https://www.gpcet.ac.in/innovatia/",0,2026-08-02T12:10:27+00:00,Failed,New
G. Pulla Reddy Engineering College,Andhra Pradesh,Engineering,JNTUK,https://www.gprec.ac.in/,,tpo@gprec.ac.in,,"tap@gprec.ac.in, tap@gprec.ac.in",+91-8518280719,tpo@gprec.ac.in,+91-8518270957,0,,0,,Needs Follow-up,New
G. Pullaiah College of Engineering and Technology,Andhra Pradesh,Engineering,JNTUK,https://www.gpcet.ac.in/contact-us/,,placementofficer@gpcet.ac.in,,,,placementofficer@gpcet.ac.in,+91-8639756663,0,,0,,Needs Follow-up,New
GIET,Andhra Pradesh,BCA,Various AP Universities,https://www.gietec.ac.in/,,info@giet.ac.in,,,,info@giet.ac.in,,0,,0,,Needs Follow-up,New
GITAM School of Core Engineering Engineering Courses,Andhra Pradesh,Engineering,,https://www.gitam.edu/,,,,,,,,100,https://www.gitam.edu/,0,2026-08-03T08:54:46+00:00,Failed,New
"GITAM School of Core Engineering, Visakhapatnam",Andhra Pradesh,Engineering,,https://www.gitam.edu/,,,,,"+91-9781517851, +91-8712018827, +91-9035151794",,+91-9781517851,100,"https://www.gitam.edu/about/leadership, https://www.gitam.edu/about/faculty, https://www.gitam.edu/about/accrediation, https://www.gitam.edu/, https://www.gitam.edu/gimsr/gitam-institute-of-nursing, https://www.gitam.edu/event/swechha-after-school-kuchipudi-program, https://www.gitam.edu/discipline/medicine, https://www.gitam.edu/vdc",0,2026-08-03T12:46:03+00:00,Needs Follow-up,New
"GITAM School of Science, Visakhapatnam Visakhapatnam",Andhra Pradesh,BCA,,https://www.gitam.edu/,,,+91-8912840433,,+91-9440145041,,+91-8884984000,100,"https://www.gitam.edu/career-guidance-centre, https://www.gitam.edu/, https://www.gitam.edu/bengaluru/gitam-school-of-humanities-and-social-sciences, https://www.gitam.edu/discipline/computer-science, https://www.gitam.edu/academics/programme-finder, https://www.gitam.edu/discipline/engineering, https://www.gitam.edu/discipline/law, https://www.gitam.edu/bengaluru/gitam-school-of-core-engineering",0,2026-08-02T15:30:51+00:00,Needs Follow-up,New
"GITAM University - GITAM University, Visakhapatnam",Andhra Pradesh,Engineering,,https://www.gitam.edu/,,,,,,,+91-8884984000,100,https://www.gitam.edu/,0,2026-08-02T12:24:27+00:00,Failed,New
GITAM University — Visakhapatnam,Andhra Pradesh,Engineering,"Various Deemed Universities (GITAM, KLEF, VFSTR, Vignan, Amrita)",http://www.gitam.edu,,director_cgcblr@gitam.edu,,,,director_cgcblr@gitam.edu,+91-8884984000,0,,0,,Needs Follow-up,New
GITAM Visakhapatnam,Andhra Pradesh,BCA,Various AP Universities,https://apply.gitam.edu/,,gcgc@gitam.edu,,"directorcgc_hyd@gitam.edu, director_cgcblr@gitam.edu, directorcgc_hyd@gitam.edu, director_cgcblr@gitam.edu",,gcgc@gitam.edu,+91-8884984000,0,,0,,Needs Follow-up,New
"GLA University, Noida Campus, Greater Noida",Andhra Pradesh,Engineering,,http://glauniversity.in/,,,,,,,,70,,0,2026-08-02T12:26:15+00:00,Failed,New
GMR Institute of Technology - GMRIT,Andhra Pradesh,Engineering,,https://gmrit.edu.in/,,,+91-8941252944,"ramkumar.bav@gmrit.edu.in, priyatham.b@gmrit.edu.in, vijayakrishna.r@gmrit.edu.in, ravikumar.j@gmrit.edu.in, janardhan.g@gmrit.edu.in, sharma.gvss@gmrit.edu.in, ravibabu.s@gmrit.edu.in, anilkumar.p@gmrit.edu.in, muralikrishna.pv@gmrit.edu.in, ravikumar.p@gmrit.edu.in, vinodkumar.s@gmrit.edu.in, suraj.s@gmrit.edu.in, sekhar.ch@gmrit.edu.in, surendar.g@gmrit.edu.in, harikrishna.m@gmrit.edu.in, suryanarayan.dash@gmrgroup.in, biranchinarayan.khilar@gmrgroup.in, gmritdu@gmrit.edu.in","+91-9949784378, +91-8941252798, +91-7032127525, +91-6382085962, +91-9849556438, +91-8919369592, +91-8686588448, +91-9490107093, +91-8725953524, +91-8179637829, +91-8522800544, +91-9949006418, +91-9014477773",ramkumar.bav@gmrit.edu.in,,100,"https://gmrit.edu.in/placements.php, https://gmrit.edu.in/, https://gmrit.edu.in/gallery.php?page=alumni, https://gmrit.edu.in/gallery.php?page=video-tour, https://gmrit.edu.in/gallery.php?page=infrastructure, https://gmrit.edu.in/patents.php",0,2026-08-03T12:48:40+00:00,Needs Follow-up,New
GMR Institute of Technology - GMRIT Engineering Courses,Andhra Pradesh,Engineering,,https://gmrit.edu.in/,,,,gmritdu@gmrit.edu.in,"+91-8941252944, +91-9949784378",gmritdu@gmrit.edu.in,+91-8941252944,100,https://gmrit.edu.in/,0,2026-08-03T11:46:06+00:00,Needs Follow-up,New
"GMRIT Deemed to be University, Rajam",Andhra Pradesh,Engineering,,https://gmrit.edu.in/,,,,gmrit@gmrit.edu.in,"+91-8941252944, +91-9949784378",gmrit@gmrit.edu.in,+91-8941252944,100,"https://gmrit.edu.in/, https://gmrit.edu.in/privacy-policy.php, https://gmrit.edu.in/patents.php",0,2026-08-02T12:25:21+00:00,Needs Follow-up,New
"GSS Institute of Technology, Bangalore",Karnataka,Engineering,VTU,https://gssit.org/case/furnance-replacement/,,info@gssit.org,,,+91-8065681022,info@gssit.org,+91-9157426446,0,,0,,Needs Follow-up,New
"GSSS Institute of Engineering & Technology for Women, Mysore",Karnataka,Engineering,VTU,https://gsssietw.ac.in/placements-2/about-the-placement-department/,,gsssengg@gmail.com,,,,gsssengg@gmail.com,,0,,0,,Needs Follow-up,New
GSSS Simha Subbamahalakshmi First Grade College,Karnataka,BCA,University of Mysore,https://ssfgc.ac.in/placements/,,gsssfgc@gmail.com,,,+91-8212581302,gsssfgc@gmail.com,+91-9448782121,0,,0,,Needs Follow-up,New
"Garden City University - [GCU], Bangalore",Karnataka,BCA,Bangalore University,https://www.gardencity.university/,,pro@gcu.edu.in,,,,pro@gcu.edu.in,+91-8066487600,0,,0,,Needs Follow-up,New
Gate Degree College Tirupati,Andhra Pradesh,BCA,,https://www.iisertirupati.ac.in/,,,,,,,,100,,0,2026-08-02T15:45:27+00:00,Failed,New
Gates Institute of Technology,Andhra Pradesh,Engineering,JNTU,https://gatesit.ac.in/tp-our-recruiters/,,demo@wenthemes.com,,"info@gatesit.ac.in, info@gatesit.ac.in","+91-8333987200, +91-8333987201, +91-9490082001",demo@wenthemes.com,+91-2342355678,0,,0,,Needs Follow-up,New
"Gayatri Vidya Parishad College of Engineering, Visakhapatnam",Andhra Pradesh,Engineering,,https://gvpce.ac.in/,,,,,,,,65,,0,2026-08-02T12:35:47+00:00,Failed,New
Geethanjali Institute of Science and Technology - [GIST],Andhra Pradesh,Engineering,JNTUK,https://gist.edu.in/gist/gist-home/,,placements@gist.edu.in,,,,placements@gist.edu.in,+91-8622212788,0,,0,,Needs Follow-up,New
"Ghousia College of Engineering, Ramnagar",Karnataka,Engineering,VTU,http://www.ghousiaedu.org,,secretarygiet@gmail.com,,,,secretarygiet@gmail.com,,0,,0,,Needs Follow-up,New
"Global Academy of Technology, Bangalore",Karnataka,Engineering,VTU,http://www.gat.ac.in/,,placement@gat.ac.in,,"info@gat.ac.in, admissions@gat.ac.in",,placement@gat.ac.in,+91-8028603158,0,,0,,Needs Follow-up,New
Global Institute Of Technology,Tamil Nadu,Engineering,Anna University,https://getedu.in,,info@getedu.in,,,,info@getedu.in,+91-9443132622,0,,0,,Needs Follow-up,New
Godavari Global University,Andhra Pradesh,Engineering,,https://www.godavarius.com/,,,,,,,,70,https://www.godavarius.com/,0,2026-08-03T09:17:57+00:00,Failed,New
Godavari Global University Engineering Courses,Andhra Pradesh,Engineering,,https://ggu.edu.in/,,,+91-9949993483,info@ggu.edu.in,,info@ggu.edu.in,,65,"https://ggu.edu.in/placement-cell/, https://ggu.edu.in/training-activities-2/, https://ggu.edu.in/contact-us/, https://ggu.edu.in/, https://ggu.edu.in/selected-lucas-tvs/, https://ggu.edu.in/circulars/, https://ggu.edu.in/notifications/, https://ggu.edu.in/library/",0,2026-08-03T09:50:39+00:00,Needs Follow-up,New
"Gopalan College of Engineering and Management, Bangalore",Karnataka,Engineering,VTU,https://www.gopalancolleges.com/gcem/,,gcem@gopalancolleges.com,,,,gcem@gopalancolleges.com,,0,,0,,Needs Follow-up,New
"Government College for Men, Kadapa",Andhra Pradesh,Engineering,,https://gcmkadapa.ac.in/,,,,"incharge.computers@gcmkadapa.ac.in, kadapa.jkc@gmail.com","+91-9912099620, +91-8919992326, +91-8341184784",incharge.computers@gcmkadapa.ac.in,+91-9912099620,95,"https://gcmkadapa.ac.in/about/location.php, https://gcmkadapa.ac.in/about/layout.php, https://gcmkadapa.ac.in/dept/about.php?dept=mathematics, https://gcmkadapa.ac.in/about/principal.php, https://gcmkadapa.ac.in/dept/about.php?dept=computer, https://gcmkadapa.ac.in/dept/about.php?dept=electronics, https://gcmkadapa.ac.in/index.php, https://gcmkadapa.ac.in/administration/committee.php",0,2026-08-02T13:05:36+00:00,Needs Follow-up,New
"Government College of Engineering, Erode",Tamil Nadu,Engineering,Anna University,https://www.gcee.ac.in/placementstatistics.php,,gceeprincipal@gmail.com,,,"+91-4622552448, +91-4343292511, +91-8300424565, +91-4362221112, +91-9840843096, +91-9488008656, +91-9488091653, +91-9280091825, +91-4242533579, +91-9280091827, +91-9280091828, +91-9280091829, +91-9280091830",gceeprincipal@gmail.com,+91-4622552450,0,,0,,Needs Follow-up,New
"Government Institute of Chemical Engineering, Visakhapatnam",Andhra Pradesh,Engineering,,https://gicevisakhapatnam.ac.in/,,,,gicevsp65@gmail.com,+91-8912558662,gicevsp65@gmail.com,+91-8912558662,95,"https://gicevisakhapatnam.ac.in/, https://gicevisakhapatnam.ac.in/academics, https://gicevisakhapatnam.ac.in/admissions, https://gicevisakhapatnam.ac.in/post/tech-fest, https://gicevisakhapatnam.ac.in/department/chemical-engineering",0,2026-08-02T13:08:20+00:00,Needs Follow-up,New
Guru Nanak College,Tamil Nadu,BCA,,https://www.guru.com/,,,,,,,,70,,0,2026-08-02T14:15:34+00:00,Failed,New
Guru Nanak First Grade College,Karnataka,BCA,,https://gnfgc.ac.in/,,,,,,,,95,https://gnfgc.ac.in/,0,2026-08-02T13:42:20+00:00,Failed,New
"HKBK College of Engineering, Bangalore",Karnataka,Engineering,VTU,https://www.hkbk.edu.in,,placements@hkbk.edu.in,,"admissions@hkbk.edu.in, info@hkbk.edu.in",,placements@hkbk.edu.in,,0,,0,,Needs Follow-up,New
Hansraj College,Andhra Pradesh,Engineering,,https://www.hansrajcollege.ac.in/,,,,,,,,85,,0,2026-08-03T11:54:10+00:00,Failed,New
Hindustan Aviation Academy,Andhra Pradesh,Engineering,,https://www.hindustantimes.com/,,,,,,,,70,"https://www.hindustantimes.com/photos, https://www.hindustantimes.com/cricket/233-off-91-balls-with-25-sixes-abhishek-sharma-roars-back-from-zimbabwe-failure-with-a-savage-effort-101785673055308.html, https://www.hindustantimes.com/sports/tennis, https://www.hindustantimes.com/astrology/horoscope, https://www.hindustantimes.com/bangla, https://www.hindustantimes.com/india-news/not-giving-up-vinesh-phogat-says-wrestlers-to-appeal-against-brij-bhushan-acquittal-in-sexual-harassment-case-101785743470006.html, https://www.hindustantimes.com/india-news/will-the-emperor-show-his-degree-cjps-abhijeet-dipke-throws-a-dare-after-bjp-worker-questions-his-us-education-101785744789930.html, https://www.hindustantimes.com/real-estate",0,2026-08-03T10:00:45+00:00,Failed,New
Hindustan College,Karnataka,BCA,University of Mysore,https://hindustancollege.in/,,info@hindustancollege.in,,,,info@hindustancollege.in,+91-7795737070,0,,0,,Needs Follow-up,New
Hindustan College of Arts and Science,Tamil Nadu,BCA,,https://hcaschennai.edu.in/,,,+91-9789885555,"hcaspadur@hcaschennai.edu.in, admissions@hcaschennai.edu.in","+91-4469034444, +91-9791191434, +91-9790795609, +91-4424469714, +91-7824080621",hcaspadur@hcaschennai.edu.in,,95,"https://hcaschennai.edu.in/placement, https://hcaschennai.edu.in/, https://hcaschennai.edu.in/infrastructure",0,2026-08-02T14:34:48+00:00,Needs Follow-up,New
"Hindustan Institute of Technology and Science, Chennai",Tamil Nadu,Engineering,,http://hindustan.ac.in/,,,,,,,,100,http://hindustan.ac.in/,0,2026-08-03T11:39:41+00:00,Failed,New
Hindusthan College of Arts and Science [HICAS],Tamil Nadu,BCA,,https://hicas.ac.in/,,,,info@hindusthan.net,"+91-9843133333, +91-8098333333",info@hindusthan.net,+91-9843133333,100,"https://hicas.ac.in/contact.html, https://hicas.ac.in/contact.php, https://hicas.ac.in/, https://hicas.ac.in/360-hicas-campus/index.html, https://hicas.ac.in/coe-forms.html, https://hicas.ac.in/eoa-mca.html, https://hicas.ac.in/ug-courses.html, https://hicas.ac.in/value-added-course.html",0,2026-08-02T14:52:43+00:00,Needs Follow-up,New
"Hindusthan College of Engineering and Technology, Coimbatore",Tamil Nadu,Engineering,,http://hicet.ac.in/,,,,principal@hicet.ac.in,"+91-4224440505, +91-8098333333, +91-9943915566",principal@hicet.ac.in,+91-4224440505,65,"http://hicet.ac.in/admission-contact.html, http://hicet.ac.in/, http://hicet.ac.in/deans-message.html, http://hicet.ac.in/plagiarism-tool.html, http://hicet.ac.in/admitted-students-name-list.html, http://hicet.ac.in/hand-book.html, http://hicet.ac.in/hall-seating-arrangement.html, http://hicet.ac.in/calendar.html",0,2026-08-03T10:25:00+00:00,Needs Follow-up,New
"Horizon College Marathahalli, Bangalore",Karnataka,BCA,,https://www.horizonblue.com/,,,,,,,+91-8006829090,70,"https://www.horizonblue.com/careers/, https://www.horizonblue.com/, https://www.horizonblue.com/providers, https://www.horizonblue.com/doctorfinder?ref=hb-home-footer, https://www.horizonblue.com/doctorfinder, https://www.horizonblue.com/claims-payment-policies-other-information, https://www.horizonblue.com/pharmacy-mrf, https://www.horizonblue.com/behavioralhealth/",0,2026-08-02T14:06:03+00:00,Failed,New
ICFAI Foundation for Higher Education (IFHE),Andhra Pradesh,Engineering,"Various Deemed Universities (GITAM, KLEF, VFSTR, Vignan, Amrita)",https://ifheindia.org/placements,,ssdibshyd@ibsindia.org,,"vc@ifheindia.org, vc@ifheindia.org","+91-9160191166, +91-8417226663, +91-8417226662",ssdibshyd@ibsindia.org,+91-8498053801,0,,0,,Needs Follow-up,New
IFET College of Engineering,Tamil Nadu,BCA,Anna University,https://ifet.ac.in/placements/,,placement@ifet.ac.in,,,,placement@ifet.ac.in,+91-9442136456,0,,0,,Needs Follow-up,New
IFIM Institutions,Karnataka,BCA,Bangalore University,https://ifim.edu.in/pre-placement-training-for-the-mba-2022-24-batch/,,ifimc@ifim.edu.in,,"lawadmission@ifim.edu.in, grievance.redressal@ifim.edu.in",,ifimc@ifim.edu.in,+91-9900067704,0,,0,,Needs Follow-up,New
"IIFA Multimedia, Bangalore",Karnataka,BCA,Bangalore University,https://iifamultimedia.in/placements.php,,placements@iifamultimedia.in,,"placements@iifamultimedia.in, hr@iifamultimedia.in","+91-9845006824, +91-8079653057, +91-8023241999, +91-7411801064",info@iifamultimedia.in,+91-9845632009,0,,0,,Needs Follow-up,New
IIT Madras (IITM) - Indian Institute of Technology Madras,Tamil Nadu,Engineering,,https://www.iitm.ac.in/,,,,,,,,100,https://www.iitm.ac.in/,0,2026-08-02T16:34:21+00:00,Failed,New
IIT Tirupati - Indian Institute of Technology,Andhra Pradesh,Engineering,,https://www.iitk.ac.in/,,,,,,,,65,"https://www.iitk.ac.in/, https://www.iitk.ac.in/hc/, https://www.iitk.ac.in/doad/reo-recruitment, https://www.iitk.ac.in/menu-academics, https://www.iitk.ac.in/silver-jubilee-reunion-class-of-2000, https://www.iitk.ac.in/tenders, https://www.iitk.ac.in/ariia-reports, https://www.iitk.ac.in/menu-incubation",0,2026-08-02T11:51:23+00:00,Failed,New
"ISBR College of Engineering and Technology, Bangalore",Karnataka,Engineering,,https://isbrengineering.in/,,,,,,,,70,,0,2026-08-02T10:54:15+00:00,Failed,New
IZee Business School,Karnataka,BCA,Bangalore University,https://izeeinstitutions.com/,,admin@izeeinstitutions.com,,,,admin@izeeinstitutions.com,+91-8050002929,0,,0,,Needs Follow-up,New
"IZee Business School Anekal, Bangalore",Karnataka,BCA,,https://izeeinstitutions.com/,,,+91-8050002929,"admin@izeeinstitutions.com, admin@izzeinstitutions.com, image@2x.png, image@2x.png.webp","+91-7406996982, +91-6364938767, +91-9845001214",admin@izeeinstitutions.com,,70,"https://izeeinstitutions.com/placements-izee/, https://izeeinstitutions.com/placement-snapshot-izee/, https://izeeinstitutions.com/contact-us/, https://izeeinstitutions.com/about-us-izee/, https://izeeinstitutions.com/about-us/, https://izeeinstitutions.com/, https://izeeinstitutions.com/industry-interface-izee/, https://izeeinstitutions.com/gallery-motion/",0,2026-08-02T13:58:19+00:00,Needs Follow-up,New
Indian Aviation Academy,Andhra Pradesh,Engineering,,https://www.iaa.edu.in/,,,,,,,,95,https://www.iaa.edu.in/,0,2026-08-03T10:00:19+00:00,Failed,New
Indian Institute of Information Technology Design & Manufacturing Kancheepuram,Tamil Nadu,Engineering,Anna University,https://www.iiitdm.ac.in/placements,,placement@iiitdm.ac.in,,"office@iiitdm.ac.in, office@iiitdm.ac.in",,placement@iiitdm.ac.in,+91-4427476300,0,,0,,Needs Follow-up,New
Indian Institute of Information Technology Design and Manufacturing Kurnool,Andhra Pradesh,Engineering,,https://www.iiitk.ac.in/,,,,,,office@iiitk.ac.in,+91-8518289114,65,"https://www.iiitk.ac.in/, https://www.iiitk.ac.in/placement, https://www.iiitk.ac.in/placements, https://www.iiitk.ac.in/placement-cell, https://www.iiitk.ac.in/training-and-placement, https://www.iiitk.ac.in/contact, https://www.iiitk.ac.in/contact-us",0,2026-08-02T12:33:08+00:00,Failed,New
Indian Institute of Information Technology Dharwad,Karnataka,Engineering,,https://indianculture.gov.in/,,,,,,,,70,,0,2026-08-02T10:59:03+00:00,Failed,New
Indian Institute of Information Technology Tiruchirappalli,Tamil Nadu,Engineering,Anna University,http://www.iiitt.ac.in,,office@iiitt.ac.in,,,,office@iiitt.ac.in,+91-9442045851,0,,0,,Needs Follow-up,New
Indian Institute of Petroleum and Energy,Andhra Pradesh,Engineering,,https://iipe.ac.in/,,,,"ugadmissions@iipe.ac.in, office@iipe.ac.in",+91-9908423552,ugadmissions@iipe.ac.in,+91-9908423552,95,https://iipe.ac.in/,0,2026-08-03T12:51:54+00:00,Needs Follow-up,New
Indian Institute of Petroleum and Energy Visakhapatnam,Andhra Pradesh,Engineering,,https://www.indianmotorcycle.com/en-us,,,,,,,,60,https://www.indianmotorcycle.com/en-us,0,2026-08-02T12:28:21+00:00,Failed,New
Indian Institute of Technology Dharwad,Karnataka,Engineering,,https://www.indianmotorcycle.com/en-us,,,,,,,,60,https://www.indianmotorcycle.com/en-us,0,2026-08-02T10:54:45+00:00,Failed,New
Indian Institute of Technology Madras,Tamil Nadu,Engineering,Anna University,https://doms.iitm.ac.in/index.php/placment/placement-activities,,placement@iitm.ac.in,,,,placement@iitm.ac.in,+91-4422575551,0,,0,,Needs Follow-up,New
Indian Institute of Technology Tirupati,Andhra Pradesh,Engineering,,https://www.iisertirupati.ac.in/,,,,,,,,100,,0,2026-08-02T12:28:00+00:00,Failed,New
Indian Institute of Technology Tirupati (IITTP),Andhra Pradesh,Engineering,"Various Deemed Universities (GITAM, KLEF, VFSTR, Vignan, Amrita)",https://iittp.ac.in,,iittirupati@iittp.ac.in,,,,iittirupati@iittp.ac.in,+91-8772503042,0,,0,,Needs Follow-up,New
Indus Business School,Andhra Pradesh,Engineering,,https://www.industechnology.com/,,,,bd@industechnology.com,"+91-6192992555, +91-8509193093, +91-6192992444",bd@industechnology.com,+91-6192992555,70,"https://www.industechnology.com/careers/, https://www.industechnology.com/contact/, https://www.industechnology.com/contact, https://www.industechnology.com/about/, https://www.industechnology.com/about, https://www.industechnology.com/, https://www.industechnology.com/financial-management-services/, https://www.industechnology.com/locations/",0,2026-08-02T11:31:33+00:00,Needs Follow-up,New
Institute of Aeronautical Engineering,Andhra Pradesh,Engineering,"Various Deemed Universities (GITAM, KLEF, VFSTR, Vignan, Amrita)",http://www.iare.ac.in,,info@iare.ac.in,,,"+91-9154678975, +91-9154678976, +91-4029705852, +91-9154678977",info@iare.ac.in,+91-9154379624,0,,0,,Needs Follow-up,New
International Institute of Business Studies,Karnataka,BCA,Bangalore University,https://www.iibs.edu.in/,,admission@iibsonline.com,,,,admission@iibsonline.com,+91-9620248214,0,,0,,Needs Follow-up,New
"International Institute of Business Studies - [IIBS], Bangalore",Karnataka,BCA,Bangalore University,https://www.iibs.edu.in/current-placement,,admission@iibsonline.com,,,+91-9986415333,admission@iibsonline.com,+91-9620248214,0,,0,,Needs Follow-up,New
"International Institute of Business Studies airport(new airport), Bangalore",Karnataka,BCA,,https://www.international.com/products/trucks,,,,,,,,60,,0,2026-08-02T13:43:22+00:00,Failed,New
"International Institute of Information Technology, Hyderabad",Andhra Pradesh,Engineering,"Various Deemed Universities (GITAM, KLEF, VFSTR, Vignan, Amrita)",https://www.iiit.ac.in/mr-jayadev-head-of-placement-awarded-best-placement-brand-marketing-officer-at-world-education-congress-2012-conferred-the-best-placement-brand-marketing-officer-award-by-the-star/,,placements@iiit.ac.in,,,,placements@iiit.ac.in,+91-4066531250,0,,0,,Needs Follow-up,New
International Institute of Management Studies,Andhra Pradesh,Engineering,,https://www.iimshillong.ac.in/,,,,,,,,80,,0,2026-08-03T09:55:58+00:00,Failed,New
J K C College Guntur,Andhra Pradesh,BCA,,http://www.jkcc.ac.in/,,,,"jkccoff@gmail.com, info@medic.com","+91-9949361406, +91-9908489473, +91-8632351062, +91-8632230368",jkccoff@gmail.com,+91-9949361406,65,"http://www.jkcc.ac.in/placements.php, http://www.jkcc.ac.in/aboutjkc.php, http://www.jkcc.ac.in/, http://www.jkcc.ac.in/pgdirector.php, http://www.jkcc.ac.in/admissions.php, http://www.jkcc.ac.in/iqac.php, http://www.jkcc.ac.in/examresult.php, http://www.jkcc.ac.in/rti.php",0,2026-08-02T15:41:33+00:00,Needs Follow-up,New
"J.S.S. Academy of Technical Education, Bangalore",Karnataka,Engineering,VTU,http://www.jssateb.ac.in,,info@jssateb.ac.in,,principal@jssateb.ac.in,"+91-9900928583, +91-9916253458, +91-9448771562",info@jssateb.ac.in,+91-9448234414,0,,0,,Needs Follow-up,New
J.S.S. College for Women,Karnataka,BCA,University of Mysore,http://jsscw.in/,,jsscw.principal@gmail.com,,,,jsscw.principal@gmail.com,+91-8212548239,0,,0,,Needs Follow-up,New
"JNTUA CEA Anantapur - JNTUA College of Engineering, Anantapur",Andhra Pradesh,Engineering,,https://www.jntuacea.ac.in/,,,,,,,,100,https://www.jntuacea.ac.in/,0,2026-08-02T12:32:54+00:00,Failed,New
JNTUA College of Engineering,Andhra Pradesh,Engineering,JNTUK,https://allegiance-educare.in/college/jntua-college-of-engineering,,allegiance.educare@gmail.com,,"viceprincipal.cea@jntua.ac.in, oas1.cea@jntua.ac.in, oas2.cea@jntua.ac.in, viceprincipal.cea@jntua.ac.in, oas1.cea@jntua.ac.in, oas2.cea@jntua.ac.in",+91-8554272083,allegiance.educare@gmail.com,+91-8554273013,0,,0,,Needs Follow-up,New
JNTUA College of Engineering - [JNTUA CEK],Andhra Pradesh,Engineering,JNTUK,https://www.jntuacea.ac.in/,,placements.cea@jntua.ac.in,,,,placements.cea@jntua.ac.in,,0,,0,,Needs Follow-up,New
"JNTUH College of Engineering, Hyderabad",Andhra Pradesh,Engineering,"Various Deemed Universities (GITAM, KLEF, VFSTR, Vignan, Amrita)",http://jntuh.ac.in/new/academic/contacts_us.html,,pa2registrar@jntuh.ac.in,,,,pa2registrar@jntuh.ac.in,,0,,0,,Needs Follow-up,New
JSS Science and Technology University Mysore,Karnataka,BCA,,https://jssuni.edu.in/JSSWeb/WebShowFromDB.aspx?K=ak08105404424ef77b-ca1e-448f-99e0-b8ba499693f6,,,,lifesciences@jssuni.edu.in,"+91-8212548326, +91-9740390666, +91-9980889207",lifesciences@jssuni.edu.in,+91-8212548326,55,"https://jssuni.edu.in/jssaher/Dept-of-Nutrition-and-Dietetics, https://jssuni.edu.in/jssaher/research",0,2026-08-02T13:51:03+00:00,Needs Follow-up,New
"JSS Science and Technology University, Mysuru",Karnataka,Engineering,,https://www.sciencedirect.com/journal/journal-of-systems-and-software,,,,,,,,60,,0,2026-08-03T10:08:23+00:00,Failed,New
"J[]avikasa Institute of Technology, Bangalore",Karnataka,Engineering,VTU,https://jvitedu.in/placement-and-sap-training/,,principaljvit@gmail.com,,"principal@jvitedu.in, po.jvitech@gmail.com",,principaljvit@gmail.com,+91-9880826883,0,,0,,Needs Follow-up,New
"Jagan Institute of Management Studies, Rohini",Andhra Pradesh,Engineering,,https://www.jimsrohini.org/,,,+91-9871097501,admissions@jimsindia.org,+91-8510962221,admissions@jimsindia.org,,65,"https://www.jimsrohini.org/placementcontact.aspx, https://www.jimsrohini.org/placement-highlights.aspx, https://www.jimsrohini.org/careeratjims.aspx, https://www.jimsrohini.org/, https://www.jimsrohini.org/pgdm.aspx, https://www.jimsrohini.org/programs-snippet.aspx, https://www.jimsrohini.org/jims-top-mba-colleges.aspx, https://www.jimsrohini.org/edc-news.aspx",0,2026-08-03T13:59:01+00:00,Needs Follow-up,New
"Jain College of Engineering, Belgaum",Karnataka,Engineering,VTU,https://www.jce.ac.in/placements/,,placements@jainbgm.in,,placements@jainbgm.in,+91-9620912034,info@jainbgm.in,+91-8312411192,0,,0,,Needs Follow-up,New
"Jawaharlal Nehru New College of Engineering, Shimoga",Karnataka,Engineering,,https://jnnce.ac.in/jnndemo/aboutjnnce.html,,placement@jnnce.ac.in,+91-9844072512,sharathnsogi5@jnnce.ac.in,+91-8182268806,,,100,"https://jnnce.ac.in/jnndemo/placement.html, https://jnnce.ac.in/jnndemo/contact.html, https://jnnce.ac.in/jnndemo/aboutjnnce.html, https://jnnce.ac.in/jnndemo/deptrai.html, https://jnnce.ac.in/jnndemo/gallery.html, https://jnnce.ac.in/jnndemo/phd.html, https://jnnce.ac.in/jnndemo/iste.html, https://jnnce.ac.in/jnndemo/prospectus.html",0,2026-08-03T08:50:17+00:00,Verified,New
"Jawaharlal Nehru Technological University, Kakinada",Andhra Pradesh,Engineering,JNTUK,https://www.jntuk.edu.in/,,registrar@jntuk.edu.in,,"directoruaacjntuh@gmail.com, directoruaacjntuh@gmail.com",+91-8554272083,registrar@jntuk.edu.in,+91-8554273013,0,,0,,Needs Follow-up,New
Jerusalem College of Engineering,Tamil Nadu,Engineering,Anna University,https://jerusalemengg.ac.in/placement/placement-team.php,,admission@jerusalemengg.ac.in,,"placement@jerusalem-engg.ac.in, harithajaiml@jerusalemengg.ac.in, thamaraiselvivgad@jerusalemengg.ac.in, parameshwariaiml@jerusalemengg.ac.in, purnimas@jerusalemengg.ac.in, vinodhiniscs@jerusalemengg.ac.in, malathybcsbs@jerusalemengg.ac.in, devipriya@jerusalemengg.ac.in, sasaranya.ece@jerusalemengg.ac.in, arunprasad.it@jerusalemengg.ac.in, arul.jce@gmail.com, jerusalemengg@gmail.com, placement@jerusalem-engg.ac.in, harithajaiml@jerusalemengg.ac.in, thamaraiselvivgad@jerusalemengg.ac.in, parameshwariaiml@jerusalemengg.ac.in, purnimas@jerusalemengg.ac.in, vinodhiniscs@jerusalemengg.ac.in, malathybcsbs@jerusalemengg.ac.in, devipriya@jerusalemengg.ac.in, sasaranya.ece@jerusalemengg.ac.in, arunprasad.it@jerusalemengg.ac.in, arul.jce@gmail.com, jerusalemengg@gmail.com","+91-8825407964, +91-6381491608, +91-8056131546, +91-7824819160, +91-9597682720, +91-9884168307, +91-8925115414, +91-9677435875, +91-9629800811, +91-9566885724, +91-9894284665, +91-9840721704, +91-4466199500",admission@jerusalemengg.ac.in,+91-7540037999,0,,0,,Needs Follow-up,New
"Jnanavikasa Institute of Technology, Bangalore",Karnataka,Engineering,VTU,http://www.jvitedu.in/,,po.jvitech@gmail.com,,"principaljvit@gmail.com, principal@jvitedu.in",,po.jvitech@gmail.com,+91-9880826883,0,,0,,Needs Follow-up,New
Justice Basheer Ahmed Sayeed College for Women,Tamil Nadu,BCA,,https://www.jbascollege.edu.in/,,,,helpdesk@jbascollege.edu.in,,helpdesk@jbascollege.edu.in,,85,"https://www.jbascollege.edu.in/article/about-committee.html, https://www.jbascollege.edu.in/video/2019, https://www.jbascollege.edu.in/feedback.php, https://www.jbascollege.edu.in/article/establishmentofiqaccell1.html, https://www.jbascollege.edu.in/article/yoga-class-document.html, https://www.jbascollege.edu.in/article/star-college-scheme.html, https://www.jbascollege.edu.in/article/skill-and-edp-ii.html, https://www.jbascollege.edu.in/article/governing-body.html",0,2026-08-02T15:01:39+00:00,Needs Follow-up,New
Jyoti Nivas College Autonomous,Karnataka,BCA,Bangalore University,https://jyotinivas.org/,,info@jyotinivas.org,,admission2026@jyotinivas.org,,info@jyotinivas.org,+91-8025530137,0,,0,,Needs Follow-up,New
"K Ramakrishnan College of Technology, Tiruchirappalli",Tamil Nadu,Engineering,,https://krct.ac.in/,,,,,,admissions@krct.ac.in,+91-9095013777,65,,0,2026-08-02T11:25:14+00:00,Failed,New
K S INSTITUTE OF TECHNOLOGY,Karnataka,Engineering,,https://www.ksit.ac.in/,,,+91-9900710055,,,,+91-9900710055,80,"https://www.ksit.ac.in/approvals, https://www.ksit.ac.in/mech_dept, https://www.ksit.ac.in/ece_dept, https://www.ksit.ac.in/grivance_redressal_committee, https://www.ksit.ac.in/physics_dept",0,2026-08-02T10:44:53+00:00,Failed,New
K. S. Rangasamy College of Technology,Tamil Nadu,Engineering,Anna University,https://ksrct.ac.in/,,placement@ksrct.ac.in,,"office@ksrct.ac.in, info@ksrct.ac.in, care@ksrct.ac.in, office@ksrct.ac.in, info@ksrct.ac.in, care@ksrct.ac.in","+91-9445588688, +91-4288274741",placement@ksrct.ac.in,+91-6369716179,0,,0,,Needs Follow-up,New
"K.C.T. Engineering College, Gulbarga",Karnataka,Engineering,VTU,https://kctengineering.edu.in/placement/,,placements@kctengineering.edu.in,,placements@kctengineering.edu.in,,principal@kctengineering.edu.in,+91-8472258020,0,,0,,Needs Follow-up,New
"K.L.E. Institute of Technology, Hubballi",Karnataka,Engineering,VTU,https://www.kleit.ac.in/,,principal@kleit.ac.in,,,,principal@kleit.ac.in,+91-8362232681,0,,0,,Needs Follow-up,New
"K.L.S. Viswanathrao Deshpande Rural Institute of Technology, Haliyal",Karnataka,Engineering,VTU,https://klsvdit.edu.in/,,principal@klsvdit.edu.in,,,+91-8284220861,principal@klsvdit.edu.in,+91-9448420102,0,,0,,Needs Follow-up,New
"K.N.S. Institute of Technology, Bangalore",Karnataka,Engineering,VTU,http://www.knsit.com/,,admissions@knsit.com,,placement@knsit.com,+91-9900033935,admissions@knsit.com,+91-9900033939,0,,0,,Needs Follow-up,New
K.S.R.M. College of Engineering Kadapa,Andhra Pradesh,Engineering,,https://www.ksrmce.ac.in/,,,+91-8143731980,"principal@ksrmce.ac.in, ksrmcengg@yahoo.co.in","+91-8562295972, +91-9000073434",principal@ksrmce.ac.in,,100,"https://www.ksrmce.ac.in/, https://www.ksrmce.ac.in/pptraining.php",0,2026-08-02T12:15:03+00:00,Needs Follow-up,New
KAHE,Tamil Nadu,BCA,Anna University,https://kahedu.edu.in/placement/training-and-placement-cell/,,info@kahedu.edu.in,,,,info@kahedu.edu.in,,0,,0,,Needs Follow-up,New
KARNATAK LAW SOCIETY'S GOGTE INSTITUTE OF TECHNOLOGY (KLS GOGTE INSTITUTE OF TECHNOLOGY),Karnataka,Engineering,,http://git.edu/,,placementcell@git.edu,+91-8312405500,"placementcell@git.eduphone, careers@git.edu, careers@git.eduthe, careers@git.edu.the","+91-8312441909, +91-8050409975",,,100,"https://git.edu/campus-life/placements, https://git.edu/careers, https://git.edu/about-kls-git, http://git.edu/, https://git.edu/alumni, https://git.edu/campus-life/clubs, https://git.edu/campus-life, https://git.edu/campus-life/sports",0,2026-08-03T09:36:15+00:00,Verified,New
KKR and KSR Institute of Technology and Sciences (KITS Guntur) Guntur,Andhra Pradesh,Engineering,,https://www.kitsguntur.ac.in/,,,,,,,,100,,0,2026-08-02T12:19:45+00:00,Failed,New
KL College of Engineering,Andhra Pradesh,Engineering,,https://klnce.edu/,,,,info@klnce.edu,,info@klnce.edu,,65,"https://klnce.edu/Careers/index.asp, https://klnce.edu/RD/AboutRDU.aspx, https://klnce.edu/AboutUs/President.aspx, https://klnce.edu/, https://klnce.edu/General/UGC_letters.html, https://klnce.edu/Academics/WorkingHours.aspx, https://klnce.edu/intranet/Library_Search.asp, https://klnce.edu/Resources/Hostel.aspx",0,2026-08-02T11:49:59+00:00,Needs Follow-up,New
"KL University Guntur - Koneru Lakshmaiah Education Foundation, Guntur",Andhra Pradesh,Engineering,,https://www.kluniversity.in/,,,,"pndoffice@kluniversity.in, shanmukh_fed@kluniversity.in, vijaymaruti@kluniversity.in, internationalrelations@kluniversity.in","+91-7997998383, +91-7997995727, +91-8645350200, +91-9849519527, +91-7815901716, +91-7815926834, +91-8632399999, +91-7997995693, +91-9502085459, +91-7997995696, +91-9949366189, +91-7997995700, +91-9666637614, +91-7997995703, +91-9966695455, +91-7997995734, +91-7997995699, +91-8764260006, +91-8873036616, +91-9386930243, +91-9439918198, +91-7997995712, +91-8809358143, +91-2200031905",pndoffice@kluniversity.in,+91-7997998383,70,"https://www.kluniversity.in/, https://www.kluniversity.in/site/teach-eval.htm, https://www.kluniversity.in/ba/default.aspx, https://www.kluniversity.in/admissions.aspx, https://www.kluniversity.in/applyonline2.aspx, https://www.kluniversity.in/pghowto.aspx, https://www.kluniversity.in/planning2/pb.html, https://www.kluniversity.in/cse1/default.aspx",0,2026-08-02T12:27:48+00:00,Needs Follow-up,New
KL University — Vijayawada (Guntur),Andhra Pradesh,Engineering,"Various Deemed Universities (GITAM, KLEF, VFSTR, Vignan, Amrita)",https://www.kluniversity.in,,placements@kluniversity.in,,,"+91-7997995727, +91-9849519527",placements@kluniversity.in,+91-7997998383,0,,0,,Needs Follow-up,New
KLE Society's Degree College,Karnataka,BCA,Bangalore University,https://www.klenagarbhavi.edu.in/placements,,placements@klenagarbhavi.edu.in,,"bca@klenagarbhavi.edu.in, kleadmission@klenagarbhavi.edu.in","+91-8660736466, +91-9513167755",placements@klenagarbhavi.edu.in,+91-8050297742,0,,0,,Needs Follow-up,New
KLE Society's S. Nijalingappa College,Karnataka,BCA,Bangalore University,https://www.klesnc.org/,,admissions@klesnc.org,,,,admissions@klesnc.org,+91-9141064927,0,,0,,Needs Follow-up,New
KLE Society's S. Nijalingappa College - [KLESNC],Karnataka,BCA,Bangalore University,https://klesnc.edu.in/,,info@klesnc.org,,,,info@klesnc.org,+91-8023526055,0,,0,,Needs Follow-up,New
"KLS GIT Belagavi - KLS Gogte Institute of Technology, Belagavi",Karnataka,Engineering,,https://git.edu/,,,,,,,+91-8312405500,65,"https://git.edu/, https://git.edu/about-kls-git",0,2026-08-02T11:00:21+00:00,Failed,New
"KPR Institute of Engineering and Technology, Coimbatore",Tamil Nadu,Engineering,,https://www.kpriet.edu.in/virtual-campus-tour,,,,,,,+91-4222635600,55,https://www.kpriet.edu.in/virtual-campus-tour,0,2026-08-02T16:38:11+00:00,Failed,New
"KS School of Engineering and Management, Bangalore",Karnataka,Engineering,,https://kssem.edu.in/,,,,,"+91-9900710055, +91-7411565702",,+91-9900710055,65,"https://kssem.edu.in/, https://kssem.edu.in/cse_sf_2019-20, https://kssem.edu.in/c2-2-1, https://kssem.edu.in/c3-3-3, https://kssem.edu.in/efdp-2015-16, https://kssem.edu.in/c1-3-3, https://kssem.edu.in/c2-6-2, https://kssem.edu.in/coursesOffered",0,2026-08-03T11:33:43+00:00,Needs Follow-up,New
"KVG College of Engineering, Sullia",Karnataka,Engineering,VTU,https://kvgengg.com/index.php,,office@kvgce.ac.in,,,,office@kvgce.ac.in,+91-8257231141,0,,0,,Needs Follow-up,New
Kalasalingam Academy BE /B.Tech,Tamil Nadu,Engineering,,https://www.kalasalingam.ac.in/about-us,,,,,,coe@klu.ac.in,+91-4563289042,90,,0,2026-08-02T16:32:00+00:00,Failed,New
Kalasalingam Academy of Research and Education,Tamil Nadu,Engineering,,https://www.kalasalingam.ac.in/about-us,,,,coe@klu.ac.in,"+91-4563289042, +91-7397760760",coe@klu.ac.in,+91-4563289042,90,https://www.kalasalingam.ac.in/about-us,0,2026-08-02T16:24:27+00:00,Needs Follow-up,New
"Kalpatharu Institute of Technology, Tiptur",Karnataka,Engineering,VTU,https://kittiptur.ac.in,,9916070553info@kittiptur.ac.in,,principal@kittiptur.ac.in,"+91-8134251267, +91-9740016919",info@kittiptur.ac.in,+91-9916070553,0,,0,,Needs Follow-up,New
"Kammavari Sangha Institute of Technology, Bangalore",Karnataka,Engineering,VTU,http://www.ksit.ac.in,,principal@ksit.edu.in,,,,principal@ksit.edu.in,+91-9900710055,0,,0,,Needs Follow-up,New
"Karavali Institute of Technology, Mangalore",Karnataka,Engineering,VTU,https://karavalicollege.com/?course=karavali-college-of-interior-design,,info@karavalicollege.ac.in,,,,info@karavalicollege.ac.in,+91-8242455656,0,,0,,Needs Follow-up,New
Karnatak University - [KU],Karnataka,BCA,University of Mysore,http://www.kud.ac.in,,registrar@kud.ac.in,,,,registrar@kud.ac.in,,0,,0,,Needs Follow-up,New
"Karpagam College of Engineering, Coimbatore",Tamil Nadu,Engineering,,https://karpagamtech.ac.in/,,,+91-8220333850,,"+91-8220333750, +91-8220333620, +91-9150041886, +91-8220333790, +91-9384049306, +91-7373000133, +91-7373001555, +91-7373000140, +91-8428211211, +91-8220559423, +91-9791593131, +91-7373007725, +91-9894301801, +91-9791704485",,+91-8220333850,85,"https://karpagamtech.ac.in/placement-details/, https://karpagamtech.ac.in/webinar-based-training-on-infytq-module-4/, https://karpagamtech.ac.in/about-us/, https://karpagamtech.ac.in/tnscst-sponsored-national-level-seminar-on-revolutionizing-agriculture-with-machine-learning-on-12th-february-2025/, https://karpagamtech.ac.in/fronius-new-solutions-skill-centre/, https://karpagamtech.ac.in/admission/, https://karpagamtech.ac.in/nss/, https://karpagamtech.ac.in/best-team-award-among-thefirst-time-participants/",0,2026-08-02T11:23:45+00:00,Needs Follow-up,New
"Karunya University - Karunya Institute of Technology and Sciences, Coimbatore",Tamil Nadu,Engineering,,https://www.karunya.edu/,,,,info@karunya.edu,"+91-4222614322, +91-9442503406",info@karunya.edu,+91-4222614322,100,"https://www.karunya.edu/about-us, https://www.karunya.edu/, https://www.karunya.edu/faculty-and-staff, https://www.karunya.edu/organizational-structure, https://www.karunya.edu/ariia, https://www.karunya.edu/campuslife/ped, https://www.karunya.edu/icc, https://www.karunya.edu/infrastructure",0,2026-08-03T10:10:23+00:00,Needs Follow-up,New
"Kongu Engineering College, Erode",Tamil Nadu,Engineering,,https://kongu.ac.in/,,,,,,placement@kongu.ac.in,+91-4294226515,100,,0,2026-08-02T11:19:33+00:00,Failed,New
Koshys Institute of Management Studies,Karnataka,BCA,Bangalore University,https://kimsbengaluru.edu.in/,,info@kgi.edu.in,,,,info@kgi.edu.in,+91-8088660000,0,,0,,Needs Follow-up,New
Koshys Institute of Management Studies - [KOSHYS],Karnataka,BCA,Bangalore University,https://www.kgi.edu.in,,info@kgi.edu.in,,,,info@kgi.edu.in,+91-8088660000,0,,0,,Needs Follow-up,New
Kovai Kalaimagal College of Arts and Science,Tamil Nadu,BCA,,http://www.kkcas.edu.in/,,placementscell@kkcas.edu.in,+91-9788806815,"kkcas@kkcas.edu.in, kkcascontroller@kkcas.edu.in, sheeba@kkcas.edu.in, vadivela@kkcas.edu.in, deepalatha@kkcas.edu.in, coe.kkcas@kkcas.edu.in, principal@kkcas.edu.in, deancommerce@kkcas.edu.in, nsskkcas@gmail.com, mahes485@gmail.com, ashokdhksadha@gmail.com, smk311981@gmail.com, admissionkkcas23@gmail.com","+91-9500564940, +91-9629403665, +91-8122969238, +91-9944182992, +91-9363794837, +91-9965709666, +91-4222970427, +91-4222970131, +91-9894642253, +91-8754743939, +91-9597524505, +91-9578816025, +91-9976275914, +91-8825898414, +91-9965164552, +91-9600974902, +91-9842381666, +91-9994069808",,,95,"https://www.kkcas.edu.in/placement, https://www.kkcas.edu.in/placement-training-schemes, https://www.kkcas.edu.in/ourrecruitersandMoUssigned, https://www.kkcas.edu.in/aboutTrust, https://www.kkcas.edu.in/about-us, http://www.kkcas.edu.in/, https://www.kkcas.edu.in/CentreforResearchandDevelopment, https://www.kkcas.edu.in/duties",0,2026-08-02T14:54:36+00:00,Verified,New
Krishnaswamy College of Engineering and Technology,Tamil Nadu,Engineering,Anna University,https://kcet.in,,info@kcet.in,,"kcetplacement@gmail.com, kcetplacement@gmail.com","+91-9488603394, +91-4142285645",info@kcet.in,+91-9842390477,0,,0,,Needs Follow-up,New
Kristu Jayanti College BCA,Karnataka,BCA,,https://kristujayanti.edu.in/,,career@kristujayanti.com,+91-8068737777,"info@kristujayanti.com, stmaryhostel@kristujayanti.com, avemariahostel@kristujayanti.com, stchavarahostel@kristujayanti.com, admissions@ivyliving.in, navajyothistudyhouse@gmail.com, studyhouse2004@gmail.com, don06hts@gmail.com","+91-8068737799, +91-9632265475, +91-8028444134, +91-9071639090, +91-9071669090, +91-9496163068, +91-9747803068, +91-8547167573, +91-9400072394, +91-9188328238, +91-9108335618, +91-9071619090, +91-9071629090, +91-9980666752, +91-8248305483, +91-7259253493, +91-9074883908, +91-9480616329, +91-9373199844, +91-9448645987, +91-9945858253, +91-8197330676, +91-9071569090, +91-9071559090, +91-8590089294, +91-9526305812, +91-9071579090, +91-9071589090, +91-9071599090",,,100,"https://www.kristujayanti.edu.in/career/career.php, https://www.kristujayanti.edu.in/about/Administrative-Staff-Members.php, https://www.kristujayanti.edu.in/about/milestones.php, https://www.kristujayanti.edu.in/about/message.php, https://kristujayanti.edu.in/, https://www.kristujayanti.edu.in/campus/hostel.php, https://www.kristujayanti.edu.in/campus/Smart-Medicinal-Garden.php, https://kristujayanti.edu.in/examination/Examination-Calendar-exam.php",0,2026-08-02T13:22:58+00:00,Verified,New
Kristu Jayanti University,Karnataka,BCA,,https://kristujayanti.edu.in/,,,,"lca@kristujayanti.com, stmaryhostel@kristujayanti.com, avemariahostel@kristujayanti.com, stchavarahostel@kristujayanti.com, info@kristujayanti.com, admissions@ivyliving.in, navajyothistudyhouse@gmail.com, studyhouse2004@gmail.com, don06hts@gmail.com","+91-8068737777, +91-8068737799, +91-9632265475, +91-8028444134, +91-9071639090, +91-9071669090, +91-9496163068, +91-9747803068, +91-8547167573, +91-9400072394, +91-9188328238, +91-9108335618, +91-9071619090, +91-9071629090, +91-9980666752, +91-8248305483, +91-7259253493, +91-9074883908, +91-9480616329, +91-9373199844, +91-9448645987, +91-9945858253, +91-8197330676, +91-9071569090, +91-9071559090, +91-8590089294, +91-9526305812, +91-9071579090, +91-9071589090, +91-9071599090",lca@kristujayanti.com,+91-8068737777,100,"https://kristujayanti.edu.in/about/NPTEL.php, https://www.kristujayanti.edu.in/about/Administrative-Staff-Members.php, https://kristujayanti.edu.in/about/Jayantian-Culture.php, https://kristujayanti.edu.in/, https://www.kristujayanti.edu.in/committee/Extra-Curricular-Activities.php, https://www.kristujayanti.edu.in/kju-schools/school-of-law.php, https://www.kristujayanti.edu.in/campus/hostel.php, https://kristujayanti.edu.in/Viewbook-2026.php",0,2026-08-02T13:30:04+00:00,Needs Follow-up,New
Krupanidhi Degree College,Karnataka,BCA,Bangalore University,https://krupanidhi.edu.in/placement-policy,,admissions@krupanidhi.edu.in,,careers@krupanidhi.edu.in,"+91-7022049950, +91-7022049951, +91-8792197272, +91-9900079548",admissions@krupanidhi.edu.in,+91-7848000123,0,,0,,Needs Follow-up,New
"Kumaraguru College of Technology, Coimbatore",Tamil Nadu,Engineering,,https://kumaraguru.edu.in/kct-admissions,,,,,+91-4222661439,,+91-4222661439,90,https://kumaraguru.edu.in/kct-admissions,0,2026-08-02T11:18:15+00:00,Needs Follow-up,New
Kuppam Engineering College - [KEC],Andhra Pradesh,Engineering,JNTUK,https://kec.ac.in/,,cdo@kec.ac.in,,"jayakumar@kec.ac.in, jayakumar@kec.ac.in",,cdo@kec.ac.in,+91-6303912518,0,,0,,Needs Follow-up,New
Lady Irwin College,Andhra Pradesh,Engineering,,https://ladyirwin.edu.in/,,,,,,,,100,,0,2026-08-03T10:03:40+00:00,Failed,New
Lakireddy Balireddy College of Engineering,Andhra Pradesh,Engineering,"Various Deemed Universities (GITAM, KLEF, VFSTR, Vignan, Amrita)",https://www.lbrce.ac.in/,,lbcemym@lbrce.ac.in,,,+91-9912030759,lbcemym@lbrce.ac.in,+91-7386349999,0,,0,,Needs Follow-up,New
Loyola Chennai,Tamil Nadu,BCA,Various TN Universities,http://loyolacollege.edu,,helpdesk@loyolacollege.edu,,,,helpdesk@loyolacollege.edu,+91-4428178200,0,,0,,Needs Follow-up,New
Loyola College,Andhra Pradesh,Engineering,,https://www.andhraloyolacollege.ac.in/,,,,contactalc@gmail.com,"+91-8662476082, +91-8662486084",contactalc@gmail.com,+91-8662476082,85,"https://www.andhraloyolacollege.ac.in/, https://www.andhraloyolacollege.ac.in/photo-gallery.php?id=222, https://www.andhraloyolacollege.ac.in/iqac.php?title=annual-reports, https://www.andhraloyolacollege.ac.in/student-support.php?title=scst-cell, https://www.andhraloyolacollege.ac.in/features.php?title=features, https://www.andhraloyolacollege.ac.in/features.php?title=amenities, https://www.andhraloyolacollege.ac.in/announcement.php?title=alc-degree-brochure-2026, https://www.andhraloyolacollege.ac.in/e-textbooks.php",0,2026-08-02T11:37:01+00:00,Needs Follow-up,New
Loyola-ICAM College of Engineering and Technology,Tamil Nadu,Engineering,Anna University,https://licet.ac.in/,,licet@licet.ac.in,,,,licet@licet.ac.in,+91-9003813339,0,,0,,Needs Follow-up,New
M S RAMAIAH INSTITUTE OF TECHNOLOGY,Karnataka,Engineering,,https://www.msrit.edu/,,,+91-9980018654,"minordegree@msrit.edu, coe@msrit.edu, registrar_academic@msrit.edu, admn@msrit.edu, grievances@msrit.edu, hostel@msrit.edu, principal@msrit.edu","+91-8023607902, +91-8023600822, +91-8023600003, +91-7829134223",minordegree@msrit.edu,,95,"https://www.msrit.edu/, https://www.msrit.edu/support/apple_training.html, https://www.msrit.edu/contact-us.html",0,2026-08-03T05:48:37+00:00,Needs Follow-up,New
M.Kumarasamy College of Engineering,Tamil Nadu,Engineering,Anna University,https://mkce.ac.in/placement,,udhayakumara.eee@mkce.ac.in,,"shanmugavadivelg.ece@mkce.ac.in, vijayakanthr.ai@mkce.ac.in, karthikk.cse@mkce.ac.in, sathiyanathans.it@mkce.ac.in, vetturayasudharsanr.civil@mkce.ac.in, parthipann.mech@mkce.ac.in, duraimurugana.csbs@mkce.ac.in, manojs.mca@mkce.ac.in, vanithap.mba@mkce.ac.in, placement@mkce.ac.in, shanmugavadivelg.ece@mkce.ac.in, vijayakanthr.ai@mkce.ac.in, karthikk.cse@mkce.ac.in, sathiyanathans.it@mkce.ac.in, vetturayasudharsanr.civil@mkce.ac.in, parthipann.mech@mkce.ac.in, duraimurugana.csbs@mkce.ac.in, manojs.mca@mkce.ac.in, vanithap.mba@mkce.ac.in, placement@mkce.ac.in",+91-4324272155,udhayakumara.eee@mkce.ac.in,+91-9842416477,0,,0,,Needs Follow-up,New
M.O.P. Vaishnav College for Women Chennai,Tamil Nadu,Engineering,Anna University,https://mopvc.edu.in/student-support-placement-cell/,,mopvaishnav@mopvc.edu.in,,"placement@mopvaishnav.ac.in, homemopvaishnav@mopvc.edu.instudent, placement@mopvaishnav.ac.in, homemopvaishnav@mopvc.edu.instudent",,mopvaishnav@mopvc.edu.in,+91-4428330262,0,,0,,Needs Follow-up,New
"M.S. Engineering College, Bangalore",Karnataka,Engineering,VTU,https://msec.ac.in/tag/msec-placement-cell/,,placement@msec.ac.in,,"placement@msec.ac.in, admissions@msec.ac.in","+91-8041315454, +91-9591510211, +91-9920212389, +91-9342842666",principal@msec.ac.in,+91-8041215454,0,,0,,Needs Follow-up,New
"M.S. Ramaiah College of Arts, Science and Commerce",Karnataka,BCA,,https://msrcasc.edu.in/,,,,"admission@msrcasc.edu.in, grievance@msrcasc.edu.in, addressprincipal@msrcasc.edu.in, accdept.msrcasc@gmail.comacademic, addressprincipal@msrcasc.edu.inphone, principal@msrcasc.edu.in, grievance@msrcasc.edu.incontact, accdept.msrcasc@gmail.comcontact, admission@msrcasc.edu.inonline, accdept.msrcasc@gmail.com, admission@msrcasc.edu.inphone","+91-8023600966, +91-9742039969",admission@msrcasc.edu.in,+91-8023600966,95,"https://msrcasc.edu.in/career, https://msrcasc.edu.in/contact, https://msrcasc.edu.in/contact-2024-, https://msrcasc.edu.in/about, https://msrcasc.edu.in/, https://msrcasc.edu.in/exam-notifications, https://msrcasc.edu.in/initiatives-of-iqac, https://msrcasc.edu.in/iqic",0,2026-08-02T13:33:23+00:00,Needs Follow-up,New
"M.V. Jayaram College of Engineering, Bangalore",Karnataka,Engineering,VTU,https://www.mvjce.edu.in/,,helpdesk@mvjce.edu.in,,admissions@mvjce.edu.in,"+91-8042991007, +91-8042991030",helpdesk@mvjce.edu.in,+91-8042991000,0,,0,,Needs Follow-up,New
MALNAD COLLEGE OF ENGINEERING,Karnataka,Engineering,,https://www.mcehassan.ac.in/,,,,"office@mcehassan.ac.in, contact@yourdomain.com",+91-9449689093,office@mcehassan.ac.in,+91-9449689093,95,"https://www.mcehassan.ac.in/home/contactss, https://www.mcehassan.ac.in/home/Programs-Offered, https://www.mcehassan.ac.in/home/Undergraduate, https://www.mcehassan.ac.in/home/IQAC",0,2026-08-02T10:45:03+00:00,Needs Follow-up,New
MCC - Madras Christian College,Tamil Nadu,BCA,,https://www.mchenry.edu/,,,,"va@mchenry.edu, cmurray@mchenry.edu, mymcc@mchenry.edu, library@mchenry.edu","+91-8154553700, +91-8154797660, +91-8154558588, +91-8154553766, +91-8154558533",va@mchenry.edu,+91-8154553700,65,"https://www.mchenry.edu/community/index.html, https://www.mchenry.edu/veterans/index.html, https://www.mchenry.edu/sponsorships/index.html, https://www.mchenry.edu/cafe/index.html, https://www.mchenry.edu/library/index.html",0,2026-08-02T14:22:39+00:00,Needs Follow-up,New
MLR Institute of Technology,Andhra Pradesh,Engineering,"Various Deemed Universities (GITAM, KLEF, VFSTR, Vignan, Amrita)",https://www.mlrit.ac.in,,info@mlrinstitutions.ac.in,,"ravichandra@mlrinstitutions.ac.in, ravichandra@mlrinstitutions.ac.in",,info@mlrinstitutions.ac.in,+91-9440653380,0,,0,,Needs Follow-up,New
MRK Institute of Technology,Tamil Nadu,Engineering,Anna University,https://mrkit.edu.in,,admissioncell@mrkit.edu.in,,,"+91-9487691969, +91-7845352552",admissioncell@mrkit.edu.in,+91-7402187402,0,,0,,Needs Follow-up,New
MS PU & Degree College,Karnataka,BCA,Bangalore University,https://mscollege.ac.in/About_Us,,manasa.edu.trust@gmail.com,,info@mscollege.ac.in,"+91-8022341125, +91-9900568523",manasa.edu.trust@gmail.com,+91-8023639432,0,,0,,Needs Follow-up,New
"MS Ramaiah University of Applied Sciences, Bangalore",Karnataka,Engineering,,http://www.msrmc.ac.in/,,,,,,,,65,,0,2026-08-03T13:18:18+00:00,Failed,New
MVJ COLLEGE OF ENGINEERING,Karnataka,Engineering,,https://mvjce.edu.in/,,,,,,accounts@mvjce.edu.in,+91-8042991013,65,,0,2026-08-02T10:48:37+00:00,Failed,New
MVR Degree College Gajuwaka,Andhra Pradesh,BCA,Andhra University,http://www.mvrdegreeandpgcollege.in,,info@mvrdegreeandpgcollege.in,,,,info@mvrdegreeandpgcollege.in,+91-8912512891,0,,0,,Needs Follow-up,New
Madanapalle Institute of Technology & Science,Andhra Pradesh,Engineering,JNTUK,https://mits.ac.in/,,drgangadevisvs@mits.ac.in,,"drrajasekarans@mits.ac.in, spo@mits.ac.in, drrajasekarans@mits.ac.in, spo@mits.ac.in",,drgangadevisvs@mits.ac.in,+91-7330803555,0,,0,,Needs Follow-up,New
Madanapalle Institute of Technology & Science (MITS),Andhra Pradesh,Engineering,"Various Deemed Universities (GITAM, KLEF, VFSTR, Vignan, Amrita)",https://mits.ac.in,,admissions@mits.ac.in,,,,admissions@mits.ac.in,+91-7330803555,0,,0,,Needs Follow-up,New
Madanapalle Institute of Technology and Science (MITS) Deemed to be University Chittoor,Andhra Pradesh,BCA,,https://mits.ac.in/,,,+91-7330803555,"admissions@mits.ac.in, physicshod@mits.ac.in, chemistryhod@mits.ac.in","+91-7330852555, +91-8571280255, +91-8571280706, +91-8712655132",admissions@mits.ac.in,,100,"https://mits.ac.in/placement/3, https://mits.ac.in/placement/9, https://mits.ac.in/placement/17, https://mits.ac.in/placement/6, https://mits.ac.in/contactus, https://mits.ac.in/about-us, https://mits.ac.in/, https://mits.ac.in/mentorship",0,2026-08-02T15:36:34+00:00,Needs Follow-up,New
Madanapalle Institute of Technology and Science (MITS) Deemed to be University Engineering Courses,Andhra Pradesh,Engineering,,https://mits.ac.in/,,,+91-7330803555,admissions@mits.ac.in,"+91-7330852555, +91-8571280255, +91-8571280706, +91-7322141686",admissions@mits.ac.in,,100,"https://mits.ac.in/placement/14, https://mits.ac.in/placement/19, https://mits.ac.in/training-team, https://mits.ac.in/about-vision-mission, https://mits.ac.in/, https://mits.ac.in/faculty-information, https://mits.ac.in/admission-form, https://mits.ac.in/school-of-artificial-intelligence",0,2026-08-03T13:49:07+00:00,Needs Follow-up,New
Madras Christian College,Tamil Nadu,BCA,,https://www.iitm.ac.in/,,,,,,,,65,https://www.iitm.ac.in/,0,2026-08-02T14:10:17+00:00,Failed,New
Maharaj Vijayaram Gajapathi Raj College of Engineering (MVGRCE) Vizianagaram,Andhra Pradesh,Engineering,,https://www.mvgrce.com/,,,,,"+91-8639457769, +91-9704950954, +91-8922241732, +91-8922241199",,+91-8639457769,55,"https://www.mvgrce.com/about/non-statutory-committees, https://www.mvgrce.com/about/about, https://www.mvgrce.com/about/chairman, https://www.mvgrce.com/, https://www.mvgrce.com/naac, https://www.mvgrce.com/downloads-section, https://www.mvgrce.com/departments/mba, https://www.mvgrce.com/departments/data-engineering",0,2026-08-02T11:59:31+00:00,Needs Follow-up,New
Maharaja Institute of Technology Mysore,Karnataka,Engineering,VTU,https://mitmysore.in/placement-training/,,placements@mitmysore.in,,,+91-9620228115,placements@mitmysore.in,+91-9620228256,0,,0,,Needs Follow-up,New
Maharani Lakshmi Ammanni College for Women,Karnataka,BCA,Bangalore University,https://www.mlacw.edu.in/,,info@mlacw.edu.in,,,,info@mlacw.edu.in,+91-8023349311,0,,0,,Needs Follow-up,New
Mahatma Gandhi Institute of Technology,Andhra Pradesh,Engineering,"Various Deemed Universities (GITAM, KLEF, VFSTR, Vignan, Amrita)",https://mgit.ac.in/placements/,,ao@mgit.ac.in,,,,ao@mgit.ac.in,+91-4024193057,0,,0,,Needs Follow-up,New
Malla Reddy University,Andhra Pradesh,Engineering,"Various Deemed Universities (GITAM, KLEF, VFSTR, Vignan, Amrita)",https://mallareddyuniversity.ac.in,,info@mallareddyuniversity.ac.in,,"admissions@mallareddyuniversity.ac.in, admissions@mallareddyuniversity.ac.in",,info@mallareddyuniversity.ac.in,+91-9497194971,0,,0,,Needs Follow-up,New
"Mangalore Institute of Technology and Engineering, Moodabidri",Karnataka,Engineering,VTU,http://www.mite.ac.in,,narendra@mite.ac.in,,,,narendra@mite.ac.in,+91-9741731309,0,,0,,Needs Follow-up,New
"Mangalore Marine College and Technology, Mangalore",Karnataka,Engineering,VTU,https://www.mmct.edu.in,,info@mmct.edu.in,,admission@mmct.edu.in,+91-7829903985,info@mmct.edu.in,+91-4222364999,0,,0,,Needs Follow-up,New
Mangalore University,Karnataka,BCA,University of Mysore,https://mangaloreuniversity.ac.in,,controller@mangaloreuniversity.ac.in,,,"+91-9845649096, +91-9164808502",controller@mangaloreuniversity.ac.in,+91-9845411472,0,,0,,Needs Follow-up,New
"Manipal Institute of Technology, Manipal",Karnataka,Engineering,,https://www.manipal.edu/mit.html,,,,"intladm@manipal.edu, complaints@manipal.edu, admissions@manipal.edu",,intladm@manipal.edu,,90,"https://www.manipal.edu/mit/about.html, https://www.manipal.edu/mit.html, https://www.manipal.edu/dasa, https://www.manipal.edu/mit/news-events.html, https://www.manipal.edu/mtmc-jamshedpur.html, https://www.manipal.edu/advisory, https://www.manipal.edu/mcods-mangalore.html, https://www.manipal.edu/indian.html",0,2026-08-03T11:27:41+00:00,Needs Follow-up,New
"Maratha Mandal Engineering College, Belgaum",Karnataka,Engineering,VTU,https://mmec.edu.in/placement-cell/,,mmtpo@mmec.edu.in,,principal@mmec.edu.inopens,+91-9353364643,mmtpo@mmec.edu.in,+91-8660825389,0,,0,,Needs Follow-up,New
Maris Stella College Vijayawada,Andhra Pradesh,BCA,Krishna University,https://www.marisstella.ac.in/training-placement-committee/,,mscvja@marisstella.ac.in,,"bmanueconomics@marisstella.ac.in, maruthisreephysics@marisstella.ac.in, mvgopikrishnacomm@marisstella.ac.in, sbhaswatihistory@marisstella.ac.in, chshivanibotany@marisstella.ac.in, pdsreevallics@marisstella.ac.in, vlalithacs@marisstella.ac.in, aqueeniecs@marisstella.ac.in, skreshmacs@marisstella.ac.in, drpvdrupabiochem@marisstella.ac.in, djblessyfscience@marisstella.ac.in, drsguptabiotech@marisstella.ac.in, srujanachemistry@marisstella.ac.in, tharithasanskrit@marisstella.ac.in, nmpjoseenglish@marisstella.ac.in, cchandupscience@marisstella.ac.in, drsanthoshjpscience@marisstella.ac.in, sbrmadhuriagc@marisstella.ac.in, miltonranasinghcs@marisstella.ac.in, vidhyaprattipati@marisstella.ac.in, dllavanyaagc@marisstella.ac.in, akkirajutejasree@gmail.com, gouthamidegala6764@gmail.com, agriculturaldept@marisstella.ac.in, drsangeethazoology@marisstella.ac.in, gsravanizoology@marisstella.ac.in, drbarathajyothinaladi@gmail.com, hemasreesopeti@gmail.com, kiranmaireddytbotany@gmail.coma.ac.in, drrgangarajubiochem@marisstella.ac.in, bhavanipfscience@marisstella.ac.in, ksaibhavanichem@marisstella.ac.in, drudivyasreechem@marisstella.ac.in, drmsridevichem@marisstella.ac.in, daramsanthi3@gmail.com, vanilatha.battu@gmail.com, drramyakrishnabiotech@marisstella.ac.in, pvrekhadevibiotech@marisstella.ac.in, admissions@marisstella.ac.in, kumariphysics@marisstella.ac.in, dhakkumallagvtha@gmail.com, padmalatha1112@marisstella.ac.in, parveen719235@gmail.com, sarajayoganand@marisstella.ac.in, balasreemaths@marisstella.ac.in, ashapaul79@gmail.com, padmanani72@gmail.com, cheruvu.krishnaveni@marisstella.ac.in, lakshmihyma.ch@gmail.com, dranupaman@marisstella.ac.in, lavanyafmm@marisstella.ac.in, sundari_kalvakolanu@marisstella.ac.in, remya.kanumuri@gmail.com, galishacomm@marisstella.ac.in, theresaranieleti@gmail.com, sampatha.malli@gmail.com, padmajapeyyala@marisstella.ac.in, kothapoojitha@marisstella.ac.in, sathyanaidupalli@gmail.com, swapnavunnam78@gmail.com, drkswaroop@marisstella.ac.in, drksheelaeng@marisstella.ac.in, beulahpearl@marisstella.ac.in, suswara2139@gmail.com, supriyayalamanchili9@gmail.com, swaroopalmr@gmail.com, innyasammafmm@marisstella.ac.in, ramakrishna@marisstella.ac.in, dr.rkdhoolipala@gmail.com, evanjilinjessika@marisstella.ac.in, ushaisaac@marisstella.ac.in, mangadevitelugu@marisstella.ac.in, drnvmadhavguptahistory@marisstella.ac.in, 811977santhi@gmail.com, saikalyanikfscience@marisstella.ac.in, kkrishnamanohar@marisstella.ac.in, sailajanandavarapu@marisstella.ac.in, dranilaranipbiotech@marisstella.ac.in, ravi9949418650@yahoo.com, ravi9949418650@gmail.com, jsuraiahpscience@marisstella.ac.in, swethakonda@marisstella.ac.in, rsrinivasaraodr@marisstella.ac.in, sarath_192000@marisstella.ac.in, dr.dsilpa@maristella.ac.in, drgkranthikumar@marisstella.ac.in, rachelgummadi999@gmail.com, kadavakollu.pooja@marisstella.ac.in, tprameela056@gmail.com, ksmithaghanta@gmail.com, malathigottumukkala@gmail.com, dhy1679@gmail.com, valenteenajo@gmail.com, devasridevasri01@gmail.com, nitya7prada@gmail.com, drkondamudi@gmail.com, sajidam376@gmail.com, gudavallisumalatha@yahoo.co.in, sharon.munny23@gmail.com, joyce.raina27@gmail.com, vssatya28@gmail.com, bhanup56g@gmail.com, sobiaafreencs@marisstella.ac.in, manumanasa710@gmail.com, vinay10.ch@gmail.com, sreelekhasreee@gmail.com, ratnasarvani@gmail.com, sarvanisagar24@gmail.com, chaitanya.mora@gmail.com, himakumari8@gmail.com, sudhadevi@marisstella.ac.in, siribhanu39@gmail.com, bhanupriyakodimela@gmail.com, indupalli.vjds@gmail.com, gulzarefathema@marisstella.ac.in, grace@marisstella.ac.in, graceraj77@gmail.com, sharonvadde@marisstella.ac.in, vsharonsamyuktha@gmail.com, glflower@marisstella.ac.in, glflower1@gmail.com, neeraja@marisstella.ac.in, neeraja@gmail.com, tejuganugapati@marisstella.ac.in, tejuganugapati@gmail.com, sobhakancharlapalli@marisstella.ac.in, sobhakancharlapalli@gmail.com, josephin@marisstella.ac.in, joseindra99@yahoo.co.in, saralaphy@marisstella.com, anuhya@marisstella.ac.in, fmmsahaya@marisstella.ac.in, sahayafmm@gmail.com, kalpanaramesh@marisstella.ac.in, kalpana17ramesh@gmail.com, rajeshwaribiotech@marisstella.ac.in, raji.tiwari.94@gmail.com, mohana.sheelag@gmail.com, dralicejaya@gmail.com, sagayajansi@stellamariscollege.edu.in, bmanueconomics@marisstella.ac.in, maruthisreephysics@marisstella.ac.in, mvgopikrishnacomm@marisstella.ac.in, sbhaswatihistory@marisstella.ac.in, chshivanibotany@marisstella.ac.in, pdsreevallics@marisstella.ac.in, vlalithacs@marisstella.ac.in, aqueeniecs@marisstella.ac.in, skreshmacs@marisstella.ac.in, drpvdrupabiochem@marisstella.ac.in, djblessyfscience@marisstella.ac.in, drsguptabiotech@marisstella.ac.in, srujanachemistry@marisstella.ac.in, tharithasanskrit@marisstella.ac.in, nmpjoseenglish@marisstella.ac.in, cchandupscience@marisstella.ac.in, drsanthoshjpscience@marisstella.ac.in, sbrmadhuriagc@marisstella.ac.in, miltonranasinghcs@marisstella.ac.in, vidhyaprattipati@marisstella.ac.in, dllavanyaagc@marisstella.ac.in, akkirajutejasree@gmail.com, gouthamidegala6764@gmail.com, agriculturaldept@marisstella.ac.in, drsangeethazoology@marisstella.ac.in, gsravanizoology@marisstella.ac.in, drbarathajyothinaladi@gmail.com, hemasreesopeti@gmail.com, kiranmaireddytbotany@gmail.coma.ac.in, drrgangarajubiochem@marisstella.ac.in, bhavanipfscience@marisstella.ac.in, ksaibhavanichem@marisstella.ac.in, drudivyasreechem@marisstella.ac.in, drmsridevichem@marisstella.ac.in, daramsanthi3@gmail.com, vanilatha.battu@gmail.com, drramyakrishnabiotech@marisstella.ac.in, pvrekhadevibiotech@marisstella.ac.in, admissions@marisstella.ac.in, kumariphysics@marisstella.ac.in, dhakkumallagvtha@gmail.com, padmalatha1112@marisstella.ac.in, parveen719235@gmail.com, sarajayoganand@marisstella.ac.in, balasreemaths@marisstella.ac.in, ashapaul79@gmail.com, padmanani72@gmail.com, cheruvu.krishnaveni@marisstella.ac.in, lakshmihyma.ch@gmail.com, dranupaman@marisstella.ac.in, lavanyafmm@marisstella.ac.in, sundari_kalvakolanu@marisstella.ac.in, remya.kanumuri@gmail.com, galishacomm@marisstella.ac.in, theresaranieleti@gmail.com, sampatha.malli@gmail.com, padmajapeyyala@marisstella.ac.in, kothapoojitha@marisstella.ac.in, sathyanaidupalli@gmail.com, swapnavunnam78@gmail.com, drkswaroop@marisstella.ac.in, drksheelaeng@marisstella.ac.in, beulahpearl@marisstella.ac.in, suswara2139@gmail.com, supriyayalamanchili9@gmail.com, swaroopalmr@gmail.com, innyasammafmm@marisstella.ac.in, ramakrishna@marisstella.ac.in, dr.rkdhoolipala@gmail.com, evanjilinjessika@marisstella.ac.in, ushaisaac@marisstella.ac.in, mangadevitelugu@marisstella.ac.in, drnvmadhavguptahistory@marisstella.ac.in, 811977santhi@gmail.com, saikalyanikfscience@marisstella.ac.in, kkrishnamanohar@marisstella.ac.in, sailajanandavarapu@marisstella.ac.in, dranilaranipbiotech@marisstella.ac.in, ravi9949418650@yahoo.com, ravi9949418650@gmail.com, jsuraiahpscience@marisstella.ac.in, swethakonda@marisstella.ac.in, rsrinivasaraodr@marisstella.ac.in, sarath_192000@marisstella.ac.in, dr.dsilpa@maristella.ac.in, drgkranthikumar@marisstella.ac.in, rachelgummadi999@gmail.com, kadavakollu.pooja@marisstella.ac.in, tprameela056@gmail.com, ksmithaghanta@gmail.com, malathigottumukkala@gmail.com, dhy1679@gmail.com, valenteenajo@gmail.com, devasridevasri01@gmail.com, nitya7prada@gmail.com, drkondamudi@gmail.com, sajidam376@gmail.com, gudavallisumalatha@yahoo.co.in, sharon.munny23@gmail.com, joyce.raina27@gmail.com, vssatya28@gmail.com, bhanup56g@gmail.com, sobiaafreencs@marisstella.ac.in, manumanasa710@gmail.com, vinay10.ch@gmail.com, sreelekhasreee@gmail.com, ratnasarvani@gmail.com, sarvanisagar24@gmail.com, chaitanya.mora@gmail.com, himakumari8@gmail.com, sudhadevi@marisstella.ac.in, siribhanu39@gmail.com, bhanupriyakodimela@gmail.com, indupalli.vjds@gmail.com, gulzarefathema@marisstella.ac.in, grace@marisstella.ac.in, graceraj77@gmail.com, sharonvadde@marisstella.ac.in, vsharonsamyuktha@gmail.com, glflower@marisstella.ac.in, glflower1@gmail.com, neeraja@marisstella.ac.in, neeraja@gmail.com, tejuganugapati@marisstella.ac.in, tejuganugapati@gmail.com, sobhakancharlapalli@marisstella.ac.in, sobhakancharlapalli@gmail.com, josephin@marisstella.ac.in, joseindra99@yahoo.co.in, saralaphy@marisstella.com, anuhya@marisstella.ac.in, fmmsahaya@marisstella.ac.in, sahayafmm@gmail.com, kalpanaramesh@marisstella.ac.in, kalpana17ramesh@gmail.com, rajeshwaribiotech@marisstella.ac.in, raji.tiwari.94@gmail.com, mohana.sheelag@gmail.com, dralicejaya@gmail.com, sagayajansi@stellamariscollege.edu.in",,mscvja@marisstella.ac.in,+91-9618159368,0,,0,,Needs Follow-up,New
"Meenakshi College of Engineering, Chennai",Tamil Nadu,Engineering,,https://www.meenakshiammantemple.com/,,,,,,tfortemples@gmail.com,,70,,0,2026-08-02T16:33:42+00:00,Failed,New
Mepco Schlenk Engineering College,Tamil Nadu,Engineering,Anna University,https://sites.google.com/view/mepco-schlenk/home,,placements@uasd.in,,,,placements@uasd.in,,0,,0,,Needs Follow-up,New
Methodist College of Engineering and Technology,Andhra Pradesh,Engineering,"Various Deemed Universities (GITAM, KLEF, VFSTR, Vignan, Amrita)",http://www.methodist.edu.in,,admission@methodist.edu.in,,"info@methodist.edu.in, info@methodist.edu.in","+91-8886989722, +91-8886989522",admission@methodist.edu.in,+91-4024753445,0,,0,,Needs Follow-up,New
Middle School,Andhra Pradesh,Engineering,,https://schoolinfra.ap.gov.in/,,,,,,,,55,,0,2026-08-03T12:11:41+00:00,Failed,New
Mohamed Sathak Engineering College,Tamil Nadu,Engineering,Anna University,https://www.msec.org.in/,,placement@msec.org.in,,,,placement@msec.org.in,,0,,0,,Needs Follow-up,New
Mohan Babu University Tirupati,Andhra Pradesh,BCA,,https://mohansrestaurant.com/,,,,"filler@godaddy.comordersmy, filler@godaddy.comhomerestaurant, filler@godaddy.com",+91-4127933121,filler@godaddy.comordersmy,+91-4127933121,70,https://mohansrestaurant.com/,0,2026-08-02T15:45:21+00:00,Needs Follow-up,New
"Moodlakatte Institute of Technology, Kundapura",Karnataka,Engineering,VTU,https://www.mitkundapura.com/index.php/placement/,,office@mitkundapura.com,,info@mitkundapura.com,,office@mitkundapura.com,+91-9036021033,0,,0,,Needs Follow-up,New
Mother Theresa Institute of Engineering and Technology,Andhra Pradesh,Engineering,JNTU,https://www.mtieat.org,,info@mtieat.org,,"mtieat@gmail.com, mtieat@gmail.com",,info@mtieat.org,+91-8579268589,0,,0,,Needs Follow-up,New
Mother Theresa Institute of Engineering and Technology - [MTIET],Andhra Pradesh,Engineering,JNTUK,https://www.mtieat.org/,,placement@mtieat.org,,,,placement@mtieat.org,+91-8579268589,0,,0,,Needs Follow-up,New
Mount Carmel College Admission,Karnataka,BCA,,https://mountcarmelcollege.ac.in/academics/admission,,,,mountcarmeltrainingcollege@gmail.com,+91-9495873120,mountcarmeltrainingcollege@gmail.com,+91-9495873120,75,"https://mountcarmelcollege.ac.in/contact-us/, https://mountcarmelcollege.ac.in/academics/admission, https://mountcarmelcollege.ac.in/complaint-portal/, https://mountcarmelcollege.ac.in/subject-associations-clubs/, https://mountcarmelcollege.ac.in/self-study-courses/, https://mountcarmelcollege.ac.in/documents/, https://mountcarmelcollege.ac.in/health-fitness-centre/, https://mountcarmelcollege.ac.in/health-physical-education/",0,2026-08-02T13:11:06+00:00,Needs Follow-up,New
Mount Carmel College Placements,Karnataka,BCA,,https://mountcarmelcollege.ac.in/,,,,mountcarmeltrainingcollege@gmail.com,+91-9495873120,mountcarmeltrainingcollege@gmail.com,+91-9495873120,85,"https://mountcarmelcollege.ac.in/our-foundress/, https://mountcarmelcollege.ac.in/play-ground/, https://mountcarmelcollege.ac.in/naac-certificate/, https://mountcarmelcollege.ac.in/awards_achievements/, https://mountcarmelcollege.ac.in/subject-associations-clubs/, https://mountcarmelcollege.ac.in/ict-resource-centre/, https://mountcarmelcollege.ac.in/achievements/, https://mountcarmelcollege.ac.in/seminar-hall/",0,2026-08-02T13:12:10+00:00,Needs Follow-up,New
Muthayammal Engineering College,Tamil Nadu,Engineering,Anna University,https://mec.edu.in/mec/placements/,,info@mec.edu.in,,,,info@mec.edu.in,+91-9442226737,0,,0,,Needs Follow-up,New
"N.I.E. Institute of Technology, Mysore",Karnataka,Engineering,VTU,https://nie.ac.in/,,admission@nie.ac.in,,,,admission@nie.ac.in,+91-8214004900,0,,0,,Needs Follow-up,New
NAGARJUNA COLLEGE OF ENGINEERING & TECHNOLOGY,Karnataka,Engineering,,https://ncet.co.in/,,,,,,8722992333info@ncetmail.comnagarjuna,+91-8035525181,50,,0,2026-08-02T10:48:45+00:00,Failed,New
NBKR Institute of Science and Technology Vidyanagar,Andhra Pradesh,Engineering,JNTU,http://www.nbkrist.org,,ist@nbkrist.org,,"website@nbkrist.org, website@nbkrist.org",+91-8985159547,ist@nbkrist.org,+91-8985382247,0,,0,,Needs Follow-up,New
NBKR Institute of Science and Technology Vidyanagar - [NBKRIST],Andhra Pradesh,Engineering,JNTUK,https://www.nbkrist.org/,,placement@nbkrist.org,,,,placement@nbkrist.org,+91-8985382247,0,,0,,Needs Follow-up,New
"NBKR Institute of Science and Technology, Vidyanagar",Andhra Pradesh,Engineering,,https://nbkrist.org/,,,+91-8985382247,"ist@nbkrist.org, website@nbkrist.org, mslu544@nbkrist.org, verify@nbkrist.org, chandrakanth@nbkrist.org, mutchakala@nbkrist.org, knreddy1974@nbkrist.org, isanaka2008@nbkrist.org, sriharip@nbkrist.org, crreddy1966@gmail.com, pvsreddy1970@gmail.com, rajareddy4u@rediffmail.com, narayanaraoappini@gmail.com","+91-8985159547, +91-9441572755, +91-9440126292, +91-9441615716, +91-9703676799, +91-9398618539, +91-9441057392, +91-8297265199, +91-9246422966, +91-9492635508",ist@nbkrist.org,,70,"https://nbkrist.org/careers.php, https://nbkrist.org/contactus.php, https://nbkrist.org/, https://nbkrist.org/NCC_NAVAL.php, https://nbkrist.org/correspondent.php, https://nbkrist.org/innovation.php, https://nbkrist.org/csi_sb.php, https://nbkrist.org/yogaclub.php",0,2026-08-02T12:36:14+00:00,Needs Follow-up,New
NEW HORIZON COLLEGE OF ENGINEERING,Karnataka,Engineering,,https://newhorizonindia.edu/,,,+91-9880534935,assistant@newhorizonindia.edu,+91-8066297777,assistant@newhorizonindia.edu,,100,"https://newhorizonindia.edu/management-college-of-the-year-2014-in-excellent-placement/, https://newhorizonindia.edu/about/, https://newhorizonindia.edu/, https://newhorizonindia.edu/presidents-message/, https://newhorizonindia.edu/social-outreach/, https://newhorizonindia.edu/sargam-fest/, https://newhorizonindia.edu/new-horizon-signs-mou-with-tech-giant-ibm/, https://newhorizonindia.edu/site-map1/",0,2026-08-03T11:24:29+00:00,Needs Follow-up,New
NIE First Grade College,Karnataka,BCA,University of Mysore,http://niefgc.ac.in/,,info@niefgc.ac.in,,,,info@niefgc.ac.in,+91-8212489676,0,,0,,Needs Follow-up,New
NIT Andhra Pradesh - National Institute of Technology,Andhra Pradesh,Engineering,,https://nitandhra.ac.in/main/contact.php,,,,,,,,90,,0,2026-08-03T12:53:18+00:00,Failed,New
NIT Surathkal (NITK) - National Institute of Technology Karnataka Surathkal,Karnataka,Engineering,,https://www.nitk.ac.in/,,,,,,,,100,,0,2026-08-03T09:58:49+00:00,Failed,New
"NMAM Institute of Technology, Karkala Taluk",Karnataka,Engineering,,https://nmamit-btech.nitte.edu.in/,,,,,,,,100,https://nmamit-btech.nitte.edu.in/,0,2026-08-03T11:33:08+00:00,Failed,New
Nalanda Degree College Vijayawada,Andhra Pradesh,BCA,Various AP Universities,https://ndc.edu.in/,,support@nalanda.edu.in,,,"+91-6281985524, +91-7995545389, +91-7995545390",support@nalanda.edu.in,+91-7799787824,0,,0,,Needs Follow-up,New
Nallamuthu Gounder Mahalingam College,Tamil Nadu,BCA,,https://www.ngmc.ac.in/,,placement@nifttea.inplacement,+91-9942906687,"info@ngmc.ac.in, hostel@ngmc.org, principal@ngmc.org, emanjhu@gmail.com","+91-4259234868, +91-4259234869",,,95,"https://www.ngmc.ac.in/training-and-placement/, https://www.ngmc.ac.in/, https://www.ngmc.ac.in/nirf/, https://www.ngmc.ac.in/proud-alumni-achievement/, https://www.ngmc.ac.in/iso/, https://www.ngmc.ac.in/guest-house/, https://www.ngmc.ac.in/principal-2/, https://www.ngmc.ac.in/student-life-hostel-facilities/",0,2026-08-02T14:48:57+00:00,Verified,New
Nandha Engineering College,Tamil Nadu,Engineering,Anna University,https://nandhaengg.org/about-us/,,placement@nandhainstitutions.org,,,,placement@nandhainstitutions.org,+91-4294225585,0,,0,,Needs Follow-up,New
Narasaraopeta Engineering College (Autonomous) Guntur,Andhra Pradesh,Engineering,,https://jntukucen.ac.in/,,,,08647-22619808647-227199principal@jntukucen.ac.in,,tpo@jntukucen.ac.in,+91-7702908555,65,"https://jntukucen.ac.in/placements-statistics/, https://jntukucen.ac.in/about-ieee-student-branch/, https://jntukucen.ac.in/about-narsaropet/, https://jntukucen.ac.in/about-jntuk/, https://jntukucen.ac.in/about-humanities-and-basic-sciences/, https://jntukucen.ac.in/about-wegc/, https://jntukucen.ac.in/, https://jntukucen.ac.in/library/",0,2026-08-02T12:06:45+00:00,Needs Follow-up,New
"Narayana Engineering College, Gudur Nellore",Andhra Pradesh,Engineering,,https://narayanagroup.com/,,,,info@narayanagroup.com,,3344info@narayanagroup.com10th,,70,"https://narayanagroup.com/careers, https://narayanagroup.com/about-us, https://narayanagroup.com/, https://narayanagroup.com/admission-enquiry, https://narayanagroup.com/terms-conditions, https://narayanagroup.com/nlearn, https://narayanagroup.com/centers, https://narayanagroup.com/refund-policy",0,2026-08-02T12:20:04+00:00,Needs Follow-up,New
National Degree College Nandyal,Andhra Pradesh,BCA,Various AP Universities,https://ndcndl.org/,,nationalcollegenandyal@yahoo.co.in,,,,nationalcollegenandyal@yahoo.co.in,+91-8514242256,0,,0,,Needs Follow-up,New
National Engineering College,Tamil Nadu,Engineering,Anna University,https://nec.edu.in/,,placement@nec.edu.in,,,"+91-4312503860, +91-9486001168, +91-4312503900, +91-9486001180, +91-9486001149, +91-9486001198, +91-4312500133",placement@nec.edu.in,+91-9486001162,0,,0,,Needs Follow-up,New
National Institute of Technology Tiruchirappalli,Tamil Nadu,Engineering,,https://nittadm.samarth.edu.in/,,,,,,,,95,https://nittadm.samarth.edu.in/,0,2026-08-03T10:18:39+00:00,Failed,New
"Navodaya Institute of Technology, Raichur",Karnataka,Engineering,VTU,https://www.navodayaengineering.edu.in/ctshowcase_group/placement-staff/,,principal.nit@navodaya.edu.in,,"renuka@navodaya.edu.in, pandurangacivil.nit@navodaya.edu.in, faheem.akthar@navodaya.edu.in",,principal.nit@navodaya.edu.in,+91-8532240115,0,,0,,Needs Follow-up,New
Nehru Arts and Science College,Tamil Nadu,BCA,,https://nehruarchive.in/,,,,,,,,70,https://nehruarchive.in/,0,2026-08-02T15:12:39+00:00,Failed,New
New Horizon College,Karnataka,BCA,Bangalore University,https://nhpuc.in/,,admissionsnhpuc@newhorizonindia.edu,,,,admissionsnhpuc@newhorizonindia.edu,+91-9535691726,0,,0,,Needs Follow-up,New
"Nitte Meenakshi Institute of Technology, Bangalore",Karnataka,Engineering,,https://nitte.edu.in/,,,,"nucser@nitte.edu.in, info@nitte.edu.in, pavan.m@nitte.edu.in, admissions.nsftid@nitte.edu.in, info.nsftid@nitte.edu.inmobile","+91-8242204292, +91-8242204300, +91-9513188844, +91-8880642016, +91-9625230009",nucser@nitte.edu.in,+91-8242204292,100,"https://nitte.edu.in/nucser/master-of-science-msc-marine-biotechnology.php, https://nitte.edu.in/ncops/department-pharmacognosy.php, https://nitte.edu.in/ngsmips/bpharm.php, https://nitte.edu.in/nsftid/bdes-in-fashion-technology.php, https://nitte.edu.in/regulatory_compliance.php, https://nitte.edu.in/ncops/department-pharmaceutical-chemistry.php, https://nitte.edu.in/nmit/admissions.php",0,2026-08-02T10:54:51+00:00,Needs Follow-up,New
Nitte University,Karnataka,BCA,Bangalore University,https://www.nitte.edu.in/,,info@nitte.edu.in,,,,info@nitte.edu.in,,0,,0,,Needs Follow-up,New
"Nitte University - [NITTE], Mangalore",Karnataka,BCA,Bangalore University,https://nitte.edu.in/,,info@nitte.edu.in,,,+91-9513188844,info@nitte.edu.in,+91-8242204300,0,,0,,Needs Follow-up,New
Osmania College Kurnool,Andhra Pradesh,BCA,Various AP Universities,http://www.osmaniacollegekurnool.com,,principal_ock@rediffmail.com,,"principalock@gmail.com, principalock@gmail.com",+91-7901022206,principal_ock@rediffmail.com,+91-8518244675,0,,0,,Needs Follow-up,New
"P A College of Engineering, Mangalore",Karnataka,Engineering,VTU,http://www.pace.edu.in,,admission@pace.edu.in,,,+91-9980022000,admission@pace.edu.in,+91-8242284704,0,,0,,Needs Follow-up,New
P D A COLLEGE OF ENGINEERING,Karnataka,Engineering,,https://www.pdacek.ac.in/,,,,,,,,95,,0,2026-08-02T10:49:32+00:00,Failed,New
"P.E.S COLLEGE OF ENGINEERING, MANDYA",Karnataka,Engineering,,https://www.pesce.ac.in/,,,,"prasad@pesce.ac.in, sharathg@pesce.ac.in, shruthir@pesce.ac.in, vidyashree@pesce.ac.in, varshitha@pesce.ac.in, bindulakshimi@pesce.ac.in, sunidhigowda@pesce.ac.in, shalom@pesce.ac.in, usha@pesce.ac.in, admissions@pesce.ac.in, info@gmail.com.com, ghanaraja08@gmail.com, rudreshaddamani@gmail.com, babukjm1008@yahoo.com, sadashiva015@gmail.com, gpavan1989@gmail.com, madhusudanack.008@gmail.com, prof.puttaswamy@gmail.com, shobithprakash@gmail.com, nayaka.abhi11@gmail.com, harinimrmaha@gmail.com, jeshmaprakruti@gmail.com, kypooja21@gmail.com, mailtorupeshs@gmail.com","+91-9449149167, +91-9739102611, +91-9448754666, +91-9972212773, +91-9686632650, +91-9846048651, +91-7338513801, +91-9448282588, +91-9876543210, +91-8232220043",prasad@pesce.ac.in,+91-9449149167,65,"https://www.pesce.ac.in/news-details.php?id=43, https://www.pesce.ac.in/news-details.php?id=73, https://www.pesce.ac.in/dep-math.php, https://www.pesce.ac.in/news-details.php?id=145, https://www.pesce.ac.in/secure-campus.php, https://www.pesce.ac.in/news-details.php?id=37, https://www.pesce.ac.in/news-details.php?id=191",0,2026-08-03T05:50:49+00:00,Needs Follow-up,New
"P.E.S. Institute of Technology and Management, Shimoga",Karnataka,Engineering,VTU,https://www.pestrust.edu.in/pespt/placements,,principalpolytechnic@pestrust.edu.in,,info@example.com,+91-8147053080,principalpolytechnic@pestrust.edu.in,+91-8147053079,0,,0,,Needs Follow-up,New
P.K.R. Arts College for Women,Tamil Nadu,BCA,,https://ksrwomenarts.edu.in/,,career@ksrei.org,+91-4288274741,"principal@ksrwomenarts.edu.in, office@ksrwomenarts.edu.in",+91-4288274870,,,100,"https://ksrwomenarts.edu.in/career, https://ksrwomenarts.edu.in/activities/hands-on-training-emerging-and-reemerging-viral-diseases, https://ksrwomenarts.edu.in/contact, https://ksrwomenarts.edu.in/, https://ksrwomenarts.edu.in/alumni, https://ksrwomenarts.edu.in/activities/international-conference-on-%E2%80%9Cnext-gen-business-strategies-trends,technology-and-transformation(nbsttt), https://ksrwomenarts.edu.in/exam-cell, https://ksrwomenarts.edu.in/academic/languages",0,2026-08-02T15:27:44+00:00,Verified,New
"P.N.S. Women's Institute of Technology, Bangalore",Karnataka,Engineering,VTU,https://nitte.edu.in/nmit/,,admissions.nmit@nitte.edu.in,,,,admissions.nmit@nitte.edu.in,,0,,0,,Needs Follow-up,New
P.T.R College of Engineering and Technology,Tamil Nadu,Engineering,Anna University,https://www.ptrcet.edu.in/training-placements-1/,,officeptrcet@gmail.com,,,,officeptrcet@gmail.com,+91-4526915079,0,,0,,Needs Follow-up,New
"PES University Banashankari, Bangalore",Karnataka,BCA,,https://pes.edu/,,,,"admissions080-10-297297admissions@pes.edu, pesuiqac@pes.edu",+91-8026721983,admissions080-10-297297admissions@pes.edu,+91-8026721983,65,"https://pes.edu/, https://pes.edu/faculty/, https://pes.edu/internships/, https://pes.edu/intake/, https://pes.edu/tour/, https://pes.edu/executive/, https://pes.edu/nirf/, https://pes.edu/important-dates/",0,2026-08-02T13:45:32+00:00,Needs Follow-up,New
"PES University, Bangalore",Karnataka,Engineering,,https://pu.pes.edu/,,,,,,admissions@pes.edu,+91-8010297297,65,"https://pu.pes.edu/about/, https://pu.pes.edu/international-students/, https://pu.pes.edu/history/, https://pu.pes.edu/infrastructure/, https://pu.pes.edu/campus-life/",0,2026-08-02T10:53:51+00:00,Failed,New
PRIST University Thanjavur,Tamil Nadu,BCA,Anna University,https://www.prist.ac.in/training-placement/,,contact@prist.ac.in,,,,contact@prist.ac.in,+91-9789469560,0,,0,,Needs Follow-up,New
PSG College of Arts and Science - PSGCAS,Tamil Nadu,BCA,,https://www.psgcas.ac.in/,,,,,,principal@psgcas.ac.in,+91-4224303300,100,,0,2026-08-02T14:14:41+00:00,Failed,New
"PSG Institute of Technology and Applied Research, Coimbatore",Tamil Nadu,Engineering,,https://psgitech.ac.in/,,,,"secretary@psgitech.ac.in, rajesh@psgitech.ac.in, principal@psgitech.ac.in","+91-4222233555, +91-9894700883, +91-9894499520, +91-4223933666, +91-7708120660",secretary@psgitech.ac.in,+91-4222233555,65,"https://psgitech.ac.in/contact, https://psgitech.ac.in/, https://psgitech.ac.in/secretary, https://psgitech.ac.in/staff-hostel-for-guests, https://psgitech.ac.in/materials-processing, https://psgitech.ac.in/whypsg-itech, https://psgitech.ac.in/sustainability, https://psgitech.ac.in/medical-centre",0,2026-08-03T10:19:21+00:00,Needs Follow-up,New
"PSG Tech Coimbatore - PSG College of Technology, Coimbatore",Tamil Nadu,Engineering,,https://psgtech.edu/,,,,,,,,65,,0,2026-08-02T11:17:20+00:00,Failed,New
"PSNA College of Engineering and Technology, Dindigul",Tamil Nadu,Engineering,,https://psnacet.edu.in/,,,,,,,,100,https://psnacet.edu.in/,0,2026-08-02T11:25:39+00:00,Failed,New
Paavai Engineering College,Tamil Nadu,Engineering,Anna University,https://pec.paavai.edu.in/the-department-of-mechanical-engineering-in-association-with-training-and-placement-cell-organized-a-webinar-on-03-07-2020/,,info@paavai.edu.in,,,,info@paavai.edu.in,+91-4286243038,0,,0,,Needs Follow-up,New
"Padmashree Institute of Management and Sciences - [PIMS], Bangalore",Karnataka,BCA,Bangalore University,https://padmashree.org/contact-us/,,picrprincipal@gmail.com,,rshenoy@padmashree.org,"+91-9035502833, +91-2028485206, +91-9632171973, +91-6366377377, +91-6366377388, +91-9148423066, +91-9880528855",picrprincipal@gmail.com,+91-9902863900,0,,0,,Needs Follow-up,New
"Padmashree Institute of Management and Sciences Kengeri, Bangalore",Karnataka,BCA,,https://padmashree.org/,,,,"rshenoy@padmashree.org, picrprincipal@gmail.com","+91-9902863900, +91-8046602222, +91-9620606061",rshenoy@padmashree.org,+91-9902863900,70,"https://padmashree.org/contact-us/, https://padmashree.org/about-pgi/, https://padmashree.org/, https://padmashree.org/admission-form/, https://padmashree.org/campus-life-pioha/, https://padmashree.org/admissions/, https://padmashree.org/mba-2/, https://padmashree.org/admissions-site/",0,2026-08-02T14:08:58+00:00,Needs Follow-up,New
"Panimalar Engineering College, Chennai",Tamil Nadu,Engineering,,https://panimalar.ac.in/,,placement@panimalar.ac.in,,"talent@panimalar.ac.in, info@panimalar.ac.in, pec@panimalaradmission.com",,,+91-9043891272,100,"https://panimalar.ac.in/placement.php, https://panimalar.ac.in/about-us.php, https://panimalar.ac.in/governing-body.php, https://panimalar.ac.in/journey-so-far.php, https://panimalar.ac.in/iic.php, https://panimalar.ac.in/iqac.php, https://panimalar.ac.in/enquiry/, https://panimalar.ac.in/h-index.php",0,2026-08-02T11:27:15+00:00,Needs Follow-up,New
Periyar Maniammai Institute of Science and Technology,Tamil Nadu,BCA,,https://periyar.org/,,,,psrpichennai@gmail.com,,psrpichennai@gmail.com,,70,https://periyar.org/,0,2026-08-02T14:14:19+00:00,Needs Follow-up,New
Prabhas College Vijayawada,Andhra Pradesh,BCA,,https://vijayawada.idbf.in/4705930/prabhas-degree-pg-college,,,,,,,,60,https://vijayawada.idbf.in/4705930/prabhas-degree-pg-college,0,2026-08-02T15:44:56+00:00,Failed,New
Pragati Engineering College,Andhra Pradesh,Engineering,"Various Deemed Universities (GITAM, KLEF, VFSTR, Vignan, Amrita)",https://pragati.ac.in/ugc/committee/training-placement-cell/,,pragati@pragati.ac.in,,,,pragati@pragati.ac.in,+91-7330826667,0,,0,,Needs Follow-up,New
Prasad V Potluri Siddhartha Institute of Technology,Andhra Pradesh,Engineering,"Various Deemed Universities (GITAM, KLEF, VFSTR, Vignan, Amrita)",http://www.pvpsiddhartha.ac.in,,principal@pvpsiddhartha.ac.in,,,"+91-8662583037, +91-8662585681, +91-8662585682, +91-8662581184",principal@pvpsiddhartha.ac.in,+91-8662581699,0,,0,,Needs Follow-up,New
Prasad V Potluri Siddhartha Institute of Technology Engineering Courses,Andhra Pradesh,Engineering,,https://www.pvpsiddhartha.ac.in/,,,,,"+91-8662581699, +91-8662583037, +91-8662585681, +91-8662585682, +91-8662581184, +91-9246400881",,+91-8662581699,100,"https://www.pvpsiddhartha.ac.in/contact_us_new.html, https://www.pvpsiddhartha.ac.in/, https://www.pvpsiddhartha.ac.in/antiragging.html, https://www.pvpsiddhartha.ac.in/iiic.html, https://www.pvpsiddhartha.ac.in/Autonomous_status.html, https://www.pvpsiddhartha.ac.in/naac_cycles.html",0,2026-08-03T09:52:57+00:00,Needs Follow-up,New
Prasad V Potluri Siddhartha Institute of Technology Placements,Andhra Pradesh,Engineering,,https://www.pvpsiddhartha.ac.in/,,,,,"+91-8662581699, +91-9490958212, +91-8662583037, +91-8662585681, +91-8662585682, +91-8662581184, +91-8666528285, +91-9490743501, +91-9440586340, +91-9845373393, +91-9440109139, +91-9866925051, +91-9246400881, +91-8074776513, +91-9491348818, +91-9491386191",,+91-8662581699,100,"https://www.pvpsiddhartha.ac.in/contact_us_new.html, https://www.pvpsiddhartha.ac.in/IQAC2019/ABOUT.html, https://www.pvpsiddhartha.ac.in/, https://www.pvpsiddhartha.ac.in/iiic.html, https://www.pvpsiddhartha.ac.in/antiragging.html, https://www.pvpsiddhartha.ac.in/Autonomous_status.html, https://www.pvpsiddhartha.ac.in/nisp.html, https://www.pvpsiddhartha.ac.in/edc.html",0,2026-08-03T12:19:56+00:00,Needs Follow-up,New
Prathyusha Engineering College,Tamil Nadu,Engineering,Anna University,https://prathyusha.edu.in/,,director-placement.training@prathyusha.edu.in,,"placement@prathyusha.edu.in, placement@prathyusha.edu.in",,director-placement.training@prathyusha.edu.in,+91-9445382005,0,,0,,Needs Follow-up,New
Presidency College BCA,Karnataka,BCA,,https://www.presidencycollege.ac.in/,,,+91-7026100500,"reach@klh.edu.in, admissions@presidency.edu.in, admissions.pg@presidency.edu.in","+91-9513962949, +91-8632388999",reach@klh.edu.in,,85,"https://www.presidencycollege.ac.in/training-and-placement-team, https://www.presidencycollege.ac.in/, https://www.presidencycollege.ac.in/notifications, https://www.presidencycollege.ac.in/department/presidency-b-school, https://www.presidencycollege.ac.in/course/mca, https://www.presidencycollege.ac.in/internship, https://www.presidencycollege.ac.in/student-counsellor, https://www.presidencycollege.ac.in/undergraduate-programmes/bba",0,2026-08-02T13:26:11+00:00,Needs Follow-up,New
Presidency College Chennai,Tamil Nadu,BCA,Various TN Universities,https://www.pcc.ac.in,,contactus@pcc.ac.in,,,,contactus@pcc.ac.in,,0,,0,,Needs Follow-up,New
Presidency College Placements,Karnataka,BCA,,https://www.presidencycollege.ac.in/,,,,"reach@klh.edu.in, admissions@presidency.edu.in, admissions.pg@presidency.edu.in","+91-7026100500, +91-9513962949, +91-8632388999",reach@klh.edu.in,+91-7026100500,85,"https://www.presidencycollege.ac.in/, https://www.presidencycollege.ac.in/nss, https://www.presidencycollege.ac.in/notifications, https://www.presidencycollege.ac.in/composition-of-iqac, https://www.presidencycollege.ac.in/research/recognized-research-guides-membership, https://www.presidencycollege.ac.in/department, https://www.presidencycollege.ac.in/research/publications",0,2026-08-02T13:19:30+00:00,Needs Follow-up,New
"Presidency College, Bangalore",Karnataka,BCA,Bangalore University,https://presidencycollege.ac.in,,admissions@presidency.edu.in,,reach@klh.edu.in,"+91-9513962949, +91-8632388999, +91-8069248989",admissions@presidency.edu.in,+91-7026100500,0,,0,,Needs Follow-up,New
Presidency Degree College,Andhra Pradesh,BCA,Andhra University,https://presidencydegreecollege.com/contact-us/,,presidencydegreecollege@gmail.com,,,"+91-8125918579, +91-9441881021",presidencydegreecollege@gmail.com,+91-8914288884,0,,0,,Needs Follow-up,New
"Presidency University, Bangalore",Karnataka,Engineering,,https://www.presidencycollege.ac.in/,,placements@presidency.edu.in,+91-7026100500,"reach@klh.edu.in, admissions@presidency.edu.in, admissions.pg@presidency.edu.in","+91-9513962949, +91-8632388999",,,95,"https://www.presidencycollege.ac.in/placement-news, https://www.presidencycollege.ac.in/placement-overview, https://www.presidencycollege.ac.in/placement-policy, https://www.presidencycollege.ac.in/, https://www.presidencycollege.ac.in/clubs-and-committees/communication-film-club, https://www.presidencycollege.ac.in/research-committee, https://www.presidencycollege.ac.in/aqar-reports, https://www.presidencycollege.ac.in/examination-policy",0,2026-08-03T11:30:07+00:00,Verified,New
Priyadharshini Engineering College,Tamil Nadu,Engineering,Anna University,http://www.priyadarshini.net.in,,principal@priyadarshini.net.in,,,"+91-9047666423, +91-9047666428",principal@priyadarshini.net.in,+91-4174227591,0,,0,,Needs Follow-up,New
QIS College of Engineering & Technology,Andhra Pradesh,Engineering,,https://qiscet.edu.in/qiscet/ABOUT_US_about_qiscet.php,,,+91-9246419542,"newsletter@qiscet.edu.in, principal@qiscet.edu.in",,newsletter@qiscet.edu.in,,55,"https://qiscet.edu.in/qiscet/PLACEMENT_AND_TRAINING_policy.php, https://qiscet.edu.in/qiscet/PLACEMENT_AND_TRAINING_industry.php, https://qiscet.edu.in/qiscet/PLACEMENT_AND_TRAINING_recruiters.php, https://qiscet.edu.in/qiscet/ABOUT_US_about_qiscet.php, https://qiscet.edu.in/qiscet/ABOUT_US_governers.php, https://qiscet.edu.in/qiscet/aboutedc.php, https://qiscet.edu.in/qiscet/ABOUT_US_Mandatory.php, https://qiscet.edu.in/qiscet/ACADEMICS_service_rules.php",0,2026-08-03T13:09:46+00:00,Needs Follow-up,New
R V COLLEGE OF ENGINEERING,Karnataka,Engineering,,https://rvce.edu.in/,,,,,,,,95,,0,2026-08-02T10:49:45+00:00,Failed,New
"R.N.S. Institute of Technology, Bangalore",Karnataka,Engineering,VTU,https://www.rnsit.ac.in/,,info@rnsit.ac.in,,"admissions@rnsit.ac.in, accounts@rnsit.ac.in, principal@rnsit.ac.in, grievance@rnsit.ac.in, tpo.cdc@rnsit.ac.in, placement@rnsit.ac.in","+91-8147286667, +91-9035960355, +91-9148476574",info@rnsit.ac.in,+91-8028611880,0,,0,,Needs Follow-up,New
"R.R. Institute of Technology, Bangalore",Karnataka,Engineering,VTU,http://www.rrit.ac.in,,niranjan.chougala@rrit.ac.in,,"ise@rrit.ac.in, principal@rrit.ac.in",,niranjan.chougala@rrit.ac.in,,0,,0,,Needs Follow-up,New
"R.T.E. Society Rural Engineering College, Hulkoti",Karnataka,Engineering,VTU,https://www.rechulkoti.edu.in/cells-and-committees3/career-guidance-%2F-placement-cell,,akshaypurushan@gmail.com,,"principal@rechulkoti.edu.in, mdhrechulkoti@gmail.com, lingraj72@gmail.com, jsatishrec@gmail.com, shangadicse@gmail.com, sugandasjp@gmail.com, krishg.libra@gmail.com, neelakanthareddy41@gmail.com, shridharritti3@gmail.com","+91-9980711773, +91-8310750398, +91-7022462868, +91-9916006542, +91-9449161232, +91-9448980874, +91-9886341240, +91-7019878756, +91-7760826020, +91-9448775465",akshaypurushan@gmail.com,+91-9742021640,0,,0,,Needs Follow-up,New
RAJARAJESWARI COLLEGE OF ENGINEERING,Karnataka,Engineering,,https://www.rrce.org/,,,,enquiry@rrce.org,"+91-8028437375, +91-9008845678, +91-9900058214",enquiry@rrce.org,+91-8028437375,65,"https://www.rrce.org/placement-training/, https://www.rrce.org/accreditation/, https://www.rrce.org/thevolthub/",0,2026-08-02T10:48:03+00:00,Needs Follow-up,New
"REVA University Bangalore - REVA University, Bangalore",Karnataka,Engineering,,https://www.joinreva.com/,,,,hello@joinreva.com,,hello@joinreva.com,,70,"https://www.joinreva.com/about-us, https://www.joinreva.com/, https://www.joinreva.com/kees-vacations-case-study, https://www.joinreva.com/privacy, https://www.joinreva.com/how-it-works, https://www.joinreva.com/terms-of-service, https://www.joinreva.com/bnb-breeze-case-study, https://www.joinreva.com/demo",0,2026-08-03T08:35:22+00:00,Needs Follow-up,New
"REVA University Yelahanaka, Bangalore",Karnataka,BCA,,https://www.therevaapartments.com/,,,,,+91-9164678214,,+91-9164678214,70,https://www.therevaapartments.com/,0,2026-08-02T13:44:36+00:00,Needs Follow-up,New
"REVA University, Bangalore",Karnataka,BCA,Bangalore University,https://www.reva.edu.in/,,admissions@reva.edu.in,,,"+91-9611201303, +91-9021190211",admissions@reva.edu.in,+91-8046966966,0,,0,,Needs Follow-up,New
RMK Engineering College,Tamil Nadu,Engineering,Anna University,http://www.rmkec.ac.in,,principal@rmkec.ac.in,,,,principal@rmkec.ac.in,+91-4467906790,0,,0,,Needs Follow-up,New
"RV University Mysore Road, Bangalore",Karnataka,BCA,,https://rvu.edu.in/,,,+91-8951179896,"admissions@rvu.edu.in, officeofadmissions@rvu.edu.in, phdoffice@rvu.edu.in","+91-6366985882, +91-8068199919",admissions@rvu.edu.in,,65,"https://rvu.edu.in/placements/, https://rvu.edu.in/contact/, https://rvu.edu.in/, https://rvu.edu.in/events/, https://rvu.edu.in/research/, https://rvu.edu.in/statutory-committees/, https://rvu.edu.in/exam-office/, https://rvu.edu.in/fee-structure/",0,2026-08-02T13:44:43+00:00,Needs Follow-up,New
"RV University, Bangalore",Karnataka,Engineering,,https://rvu.edu.in/,,,,"admissions@rvu.edu.in, officeofadmissions@rvu.edu.in","+91-8951179896, +91-6366985882",admissions@rvu.edu.in,+91-8951179896,65,https://rvu.edu.in/,0,2026-08-03T13:15:50+00:00,Needs Follow-up,New
RVR and JC College of Engineering,Andhra Pradesh,Engineering,,https://rvrjcce.ac.in/,,,,,"+91-8632232505, +91-8632350343, +91-9985271179, +91-9966641530, +91-9493239173, +91-9490032306, +91-8790413309, +91-7901493318, +91-9849519932, +91-9866281628, +91-9491073317, +91-9491073318",,+91-8632232505,65,"https://rvrjcce.ac.in/xaboutrndcell.php, https://rvrjcce.ac.in/, https://rvrjcce.ac.in/xneslistofinstitutes.php, https://rvrjcce.ac.in/xprincipalsmessage.php, https://rvrjcce.ac.in/xfoundersofinstitute.php, https://rvrjcce.ac.in/xhostels.php, https://rvrjcce.ac.in/xguidesnscholars.php, https://rvrjcce.ac.in/xlibrary.php",0,2026-08-03T12:15:52+00:00,Needs Follow-up,New
Raghu Engineering College,Andhra Pradesh,Engineering,"Various Deemed Universities (GITAM, KLEF, VFSTR, Vignan, Amrita)",https://www.raghuenggcollege.com/our-placements/,,info@raghuenggcollege.in,,,"+91-9885766942, +91-8922248001, +91-8297355115",info@raghuenggcollege.in,+91-9515127092,0,,0,,Needs Follow-up,New
"Rajalakshmi Engineering College, Chennai",Tamil Nadu,Engineering,,http://www.rajalakshmi.edu.in/,,placement@rajalakshmi.edu.in,+91-4437181111,"hr@rajalakshmi.edu.in, training@rajalakshmi.edu.in, cityoffice@rajalakshmi.edu.in, admin@rajalakshmi.edu.in","+91-4426442472, +91-4426445151, +91-4437181113, +91-9025671066, +91-9052671077, +91-4437181001, +91-4437181020, +91-9381981015, +91-9381981009, +91-9381981012, +91-9381981011, +91-9381981008, +91-9381981019, +91-9381981013, +91-9381981002, +91-9381981006, +91-9381981003, +91-9381981004, +91-9381981017, +91-9381981014, +91-9381981016, +91-9381981005, +91-9381981018, +91-9381436664, +91-4437107373, +91-4437106060, +91-4426461316, +91-4426460124",,,100,"http://www.rajalakshmi.edu.in/placement-record-2017-2018.php, http://www.rajalakshmi.edu.in/placement-record-2018-2019.php, http://www.rajalakshmi.edu.in/placement-training.php, http://www.rajalakshmi.edu.in/placement-why-rec.php, http://www.rajalakshmi.edu.in/contact-us.php, http://www.rajalakshmi.edu.in/events/contact-us.php, http://www.rajalakshmi.edu.in/, http://www.rajalakshmi.edu.in/admission-courses.php",0,2026-08-03T13:40:50+00:00,Verified,New
Rajeev Gandhi Memorial College of Engineering and Technology,Andhra Pradesh,Engineering,,http://www.rgmcet.edu.in/,,,+91-8514275203,"principal.9@jntua.ac.in, hcseds@rgmcet.edu.in, ramireddy@pec.edu, rajaram.chenna@iiit.ac.in, rgmtapcell@gmail.com, midde.santhiram@gmail.com, rgmdad09@gmail.com, bb.prahlad@gmail.com, kishorgulla@yahoo.co.in, vundelaap@gmail.com, gopikrishnarao@gmail.com, rameshkumar.nith@gmail.com, ckraju9@gmail.com, rgmmbahod@gmail.com, rgmmathematics@gmail.com, kotatreddy@gmail.com, yadavsuneetha@gmail.com, mba.sudheer@gmail.com, malli.rgmcet@gmail.com, jspd1810@gmail.com, venkatzimic5@gmail.com","+91-9442079377, +91-9866308477, +91-9849409495, +91-8514275646, +91-8514275123, +91-9849348501, +91-9866308411, +91-9440290470, +91-9880677045, +91-8897272089, +91-9898722118, +91-9440277731, +91-8008409231, +91-9493326825, +91-9032345197, +91-7382070765, +91-9440862072, +91-9866308419, +91-9640227708, +91-9440284695, +91-8790050087, +91-9866805923",principal.9@jntua.ac.in,,80,"https://www.rgmcet.edu.in/Placement_Records, https://www.rgmcet.edu.in/careers.php, https://www.rgmcet.edu.in/TAP_contactus, http://www.rgmcet.edu.in/, https://www.rgmcet.edu.in/academics, https://www.rgmcet.edu.in/department-of-cseds, https://www.rgmcet.edu.in/courses_offered1, https://www.rgmcet.edu.in/IDC",0,2026-08-03T12:13:58+00:00,Needs Follow-up,New
Rajeev Gandhi Memorial College of Engineering and Technology Fees,Andhra Pradesh,Engineering,,https://www.rajeev.ai/,,,,,,,,60,"https://www.rajeev.ai/about, https://www.rajeev.ai/, https://www.rajeev.ai/books, https://www.rajeev.ai/investing, https://www.rajeev.ai/media-and-insights, https://www.rajeev.ai/advising, https://www.rajeev.ai/privacy-policy, https://www.rajeev.ai/speaking",0,2026-08-03T11:49:33+00:00,Failed,New
Rajeev Gandhi Memorial College of Engineering and Technology Nandyal,Andhra Pradesh,Engineering,JNTUK,http://www.rgmcet.edu.in,,principal.9@jntua.ac.in,,,,principal.9@jntua.ac.in,+91-8514275203,0,,0,,Needs Follow-up,New
"Rajeev Institute of Technology, Hassan",Karnataka,Engineering,VTU,https://www.rithassan.ac.in/,,info@rithassan.ac.in,,"helpline@antiragging.in, antiragging@c4yindia.org","+91-8172243181, +91-8172243183",info@rithassan.ac.in,+91-8172243180,0,,0,,Needs Follow-up,New
Rajiv Gandhi Aviation Academy,Andhra Pradesh,Engineering,,https://www.rajivsurendra.com/,,,,rajiv.surendra.channel@gmail.comterms,,rajiv.surendra.channel@gmail.comterms,,70,"https://www.rajivsurendra.com/pages/about, https://www.rajivsurendra.com/, https://www.rajivsurendra.com/pages/shop-terms-conditions, https://www.rajivsurendra.com/pages/shop, https://www.rajivsurendra.com/policies/shipping-policy, https://www.rajivsurendra.com/collections/candles",0,2026-08-03T09:02:24+00:00,Needs Follow-up,New
Rajiv Gandhi Memorial College of Engineering and Technology,Andhra Pradesh,Engineering,"Various Deemed Universities (GITAM, KLEF, VFSTR, Vignan, Amrita)",http://www.rgmcet.edu.in,,principal.9@jntua.ac.in,,,,principal.9@jntua.ac.in,+91-8514275203,0,,0,,Needs Follow-up,New
Rajiv Gandhi University - [RGU],Karnataka,BCA,University of Mysore,https://rgu.ac.in,,registrar@rgu.ac.in,,,,registrar@rgu.ac.in,+91-3602277253,0,,0,,Needs Follow-up,New
Rajiv Gandhi University of Health Sciences,Karnataka,BCA,Bangalore University,http://www.rguhs.ac.in/,,rguhsadmissions@gmail.com,,,,rguhsadmissions@gmail.com,+91-8029601933,0,,0,,Needs Follow-up,New
Rajiv Gandhi University of Health Sciences - [RGUHS],Karnataka,BCA,University of Mysore,http://www.rguhs.ac.in/about.html,,rguhsadmissions@gmail.com,,,,rguhsadmissions@gmail.com,+91-8026961933,0,,0,,Needs Follow-up,New
"Rajiv Gandhi University of Knowledge Technologies, Nuzvid",Andhra Pradesh,Engineering,,https://www.rguktn.ac.in/,,,,,,,,95,,0,2026-08-02T12:39:38+00:00,Failed,New
Ramachandra College of Engineering Eluru,Andhra Pradesh,Engineering,,https://www.rcee.ac.in/,,,,"alumni@rcee.ac.in, docs-verify@rcee.ac.in, helpdesk@rcee.ac.in, admissions@rcee.ac.in","+91-9492935222, +91-9492936222, +91-8977005116, +91-9119110112",alumni@rcee.ac.in,+91-9492935222,95,"https://www.rcee.ac.in/about/deans, https://www.rcee.ac.in/about/core-values, https://www.rcee.ac.in/, https://www.rcee.ac.in/information/siro-dsir, https://www.rcee.ac.in/information/terms-and-conditions, https://www.rcee.ac.in/information/jntuk, https://www.rcee.ac.in/information/anti-ragging, https://www.rcee.ac.in/information/privacy-policy",0,2026-08-02T12:22:09+00:00,Needs Follow-up,New
"Ramaiah College of Arts, Science and Commerce - [RCASC], Bangalore",Karnataka,BCA,Bangalore University,https://msrcasc.edu.in/placements,,msramaiah_placements@msrcasc.edu.in,,admission@msrcasc.edu.in,+91-9742039969,msramaiah_placements@msrcasc.edu.in,+91-8023600966,0,,0,,Needs Follow-up,New
Ramaiah Institute of Business Studies,Karnataka,BCA,Bangalore University,https://ribsbangalore.in/,,admissions@ribsbangalore.in,,"principal@ribsbangalore.in, corporaterelations@ribsbangalore.in, vggh19@rimsbangalore.in",,admissions@ribsbangalore.in,+91-7411494028,0,,0,,Needs Follow-up,New
Ramaiah Institute of Business Studies - [RIBS],Karnataka,BCA,Bangalore University,https://ribsbangalore.in/placement-cell/,,admissions@ribsbangalore.in,,"principal@ribsbangalore.in, corporaterelations@ribsbangalore.in, vggh19@rimsbangalore.in","+91-8023607643, +91-7411495860, +91-8867161501",admissions@ribsbangalore.in,+91-7411494028,0,,0,,Needs Follow-up,New
"Ramaiah Institute of Technology, Bangalore",Karnataka,Engineering,,https://www.msrit.edu/,,,+91-9980018654,"minordegree@msrit.edu, coe@msrit.edu, registrar_academic@msrit.edu",,minordegree@msrit.edu,,65,"https://www.msrit.edu/, https://www.msrit.edu/placement.html, https://www.msrit.edu/support/apple_training.html, https://www.msrit.edu/apple_training.html, https://www.msrit.edu/contact-us.html",0,2026-08-02T10:53:09+00:00,Needs Follow-up,New
Rani Channamma University - [RCUB],Karnataka,BCA,University of Mysore,https://www.rcub.ac.in/placement.php,,placementcell@rcub.ac.in,,,+91-8312565265,placementcell@rcub.ac.in,+91-9480431000,0,,0,,Needs Follow-up,New
Ranipetai Engineering College,Tamil Nadu,Engineering,Anna University,https://www.ranippettaiengineeringcollege.com,,recwalaja@yahoo.com,,,+91-9790022606,recwalaja@yahoo.com,+91-4172299501,0,,0,,Needs Follow-up,New
"Rao Bahadur Y. Mahabaleswarappa Engineering College, Bellary",Karnataka,Engineering,VTU,https://rymec.edu.in/about-placements/,,principal@rymec.in,,,+91-8392242148,principal@rymec.in,+91-8392244809,0,,0,,Needs Follow-up,New
Rao's Degree College Nellore,Andhra Pradesh,BCA,Various AP Universities,https://www.vidhyarthiportal.com/college/raos-degree-college-nellore-4177/,,info@raosinstitutions.com,,,,info@raosinstitutions.com,+91-8612331094,0,,0,,Needs Follow-up,New
Rathinam College of Arts and Science,Tamil Nadu,BCA,,https://rathinamcollege.ac.in/,,corporaterelations@rathinam.in,,"arunkumars@bhc.edu.in, sakthivels@indoshellcast.com, roshan.abbas@linxap.com, adarshjenumon.mba23@rathinam.in, praveenkumar.inur@rathinam.in, info@rathinam.in, principal@rathinam.in, brindhas@gmail.com, dr.murpgaraviksp@gmail.com","+91-8448448909, +91-9585865101, +91-4224040906, +91-9003434667, +91-9942274409, +91-9944814600, +91-9345799425, +91-9688203722, +91-9207601679, +91-7845463828, +91-8667419932, +91-8220094263, +91-9843160533, +91-7510502774, +91-9566695752",,+91-8448448909,85,"https://rathinamcollege.ac.in/placement-registration/, https://rathinamcollege.ac.in/, https://rathinamcollege.ac.in/programmes-offered/, https://rathinamcollege.ac.in/inter-proj/, https://rathinamcollege.ac.in/ph-d-psychology/, https://rathinamcollege.ac.in/board-of-study-bos/, https://rathinamcollege.ac.in/principals-message/, https://rathinamcollege.ac.in/value-added-courses-add-on-courses/",0,2026-08-02T14:58:14+00:00,Needs Follow-up,New
Rathinam Technical Campus,Tamil Nadu,Engineering,Anna University,https://rathinamtechnicalcampus.com,,infoadmission.rathinam@gmail.com,,"vaidevi.biotech@rathinam.in, kumar.rtc@rathinam.in, bradha.physics@rathinam.in, bradhaaraj@gmail.com, aruna.physics@rathinam.in, arunakk2007@gmail.com, vaidevi.biotech@rathinam.in, kumar.rtc@rathinam.in, bradha.physics@rathinam.in, bradhaaraj@gmail.com, aruna.physics@rathinam.in, arunakk2007@gmail.com",,infoadmission.rathinam@gmail.com,+91-8448448909,0,,0,,Needs Follow-up,New
Rathinam Technical Campus of Technology,Tamil Nadu,Engineering,Anna University,https://rathinamtechnicalcampus.com,,infoadmission.rathinam@gmail.com,,"vaidevi.biotech@rathinam.in, kumar.rtc@rathinam.in, bradha.physics@rathinam.in, bradhaaraj@gmail.com, aruna.physics@rathinam.in, arunakk2007@gmail.com, vaidevi.biotech@rathinam.in, kumar.rtc@rathinam.in, bradha.physics@rathinam.in, bradhaaraj@gmail.com, aruna.physics@rathinam.in, arunakk2007@gmail.com",,infoadmission.rathinam@gmail.com,+91-8448448909,0,,0,,Needs Follow-up,New
Ravindra College of Engineering For Women Kurnool,Andhra Pradesh,Engineering,,https://www.recw.ac.in/,,,,principal@recw.ac.in,"+91-8639756876, +91-9246911869, +91-9391002853, +91-9885208518, +91-8179253191, +91-8639745757, +91-9848875808, +91-9948187766, +91-9640570387, +91-9440209169, +91-9392960272, +91-9666487708",principal@recw.ac.in,+91-8639756876,65,"https://www.recw.ac.in/placementstatistics/, https://www.recw.ac.in/contact-us/, https://www.recw.ac.in/, https://www.recw.ac.in/facilities/, https://www.recw.ac.in/anti/, https://www.recw.ac.in/company-visits/, https://www.recw.ac.in/programmes/, https://www.recw.ac.in/resources/",0,2026-08-02T12:16:11+00:00,Needs Follow-up,New
Ravindra College of Engineering for Women,Andhra Pradesh,Engineering,JNTU,https://www.recw.ac.in/placementstatistics/,,principal@recw.ac.in,,,+91-9246911869,principal@recw.ac.in,+91-8639756876,0,,0,,Needs Follow-up,New
Ravindra College of Engineering for Women - [RCEW],Andhra Pradesh,Engineering,JNTUK,https://www.rcew.ac.in/,,tpo@rcew.ac.in,,,,tpo@rcew.ac.in,+91-9001099930,0,,0,,Needs Follow-up,New
"Reva Institute of Technology and Management, Bangalore",Karnataka,Engineering,VTU,https://www.reva.edu.in/,,admissions@reva.edu.in,,,"+91-9611201303, +91-9021190211",admissions@reva.edu.in,+91-8046966966,0,,0,,Needs Follow-up,New
S-VYASA University,Karnataka,BCA,University of Mysore,https://svyasa.edu.in/,,info@svyasa.edu.in,,admissions@svyasa.org,,info@svyasa.edu.in,+91-9070907066,0,,0,,Needs Follow-up,New
"S.C.T. Institute of Technology, Bangalore",Karnataka,Engineering,VTU,https://sctpolytechnic.in/,,sctpolytechnic@gmail.com,,,,sctpolytechnic@gmail.com,+91-9448088480,0,,0,,Needs Follow-up,New
"S.D.M. Institute of Technology, Ujire",Karnataka,Engineering,VTU,https://www.sdmesociety.in/contact/,,ho@sdmesociety.in,,,+91-8256236220,ho@sdmesociety.in,+91-8256236225,0,,0,,Needs Follow-up,New
"S.E.A. College of Arts, Commerce and Science - [SEACSAM]",Karnataka,BCA,Bangalore University,https://seadegree.ac.in/,,priseadegree@gmail.com,,manjunath@seadegree.ac.in,,priseadegree@gmail.com,+91-8029730623,0,,0,,Needs Follow-up,New
"S.E.A. College of Engineering and Technology, Bangalore",Karnataka,Engineering,VTU,https://seacet.edu.in/,,seaeduinfo@seaedu.ac.in,,admissions@seaedu.ac.in,"+91-6366453030, +91-7353313603, +91-8105548973, +91-8025613418",seaeduinfo@seaedu.ac.in,+91-7353945999,0,,0,,Needs Follow-up,New
"S.G. Balekundri Institute of Technology, Belgaum",Karnataka,Engineering,VTU,http://www.sgbit.edu.in,,info@sgbit.edu.in,,,,info@sgbit.edu.in,+91-8312407172,0,,0,,Needs Follow-up,New
"S.J.C. Institute of Technology, Chickballapur",Karnataka,Engineering,VTU,https://sjcit.ac.in/contact-us/,,principal@sjcit.ac.in,,,"+91-9880143028, +91-8156200183, +91-8156200185, +91-8156200184, +91-8156200187, +91-8156200186",principal@sjcit.ac.in,+91-9731292555,0,,0,,Needs Follow-up,New
"S.J.M. Institute of Technology, Chitradurga",Karnataka,Engineering,VTU,https://sjmit.ac.in,,principal@sjmit.ac.in,,sjmitprincipal@gmail.com,"+91-9483190087, +91-8194227717",principal@sjmit.ac.in,+91-8194222866,0,,0,,Needs Follow-up,New
SASTRA University,Tamil Nadu,Engineering,,https://www.sastra.edu/,,,,,,,+91-4362264101,100,,0,2026-08-02T11:03:41+00:00,Failed,New
SASTRA University BE/B.Tech,Tamil Nadu,Engineering,,https://www.sastra.edu/,,,,,,,+91-4362264101,100,,0,2026-08-02T11:04:21+00:00,Failed,New
"SASTRA University Thanjavur - Shanmugha Arts Science Technology Research and Academy, Thanjavur",Tamil Nadu,Engineering,,https://www.sastra.edu/,,,,,,,+91-4362264101,100,,0,2026-08-02T11:09:33+00:00,Failed,New
SCSVMV,Tamil Nadu,BCA,Various TN Universities,http://www.kanchiuniv.ac.in,,info@kanchiuniv.ac.in,,"registrar@kanchiuniv.ac.in, registrar@kanchiuniv.ac.in",,info@kanchiuniv.ac.in,+91-4427264028,0,,0,,Needs Follow-up,New
SDHR Degree and PG College Tirupati,Andhra Pradesh,BCA,,https://tirupati.idbf.in/4085824/sdhr-junior-degree-pg-college,,,,,,,,60,https://tirupati.idbf.in/4085824/sdhr-junior-degree-pg-college,0,2026-08-02T15:35:44+00:00,Failed,New
SDM COLLEGE OF ENGINEERING & TECHNOLOGY,Karnataka,Engineering,,https://sdmcet.ac.in/,,,,,,,+91-9886634122,65,,0,2026-08-02T10:50:03+00:00,Failed,New
"SECAB Institute of Engineering & Technology, Bijapur",Karnataka,Engineering,VTU,https://www.siet.secab.org,,secab_siet@secab.org,,,"+91-9164391969, +91-9739619661, +91-7892087083",secab_siet@secab.org,+91-9964041969,0,,0,,Needs Follow-up,New
SIDDAGANGA INSTITUTE OF TECHNOLOGY,Karnataka,Engineering,,https://sit.ac.in/admission,,,,,,,,85,https://sit.ac.in/admission,0,2026-08-02T10:50:03+00:00,Failed,New
"SJB Institute of Technology, Bangalore",Karnataka,Engineering,VTU,https://www.sjbit.edu.in/placement.php-team,,admission@bgsgroup.org,,,"+91-8028612445, +91-8028612651",admission@bgsgroup.org,+91-9591936004,0,,0,,Needs Follow-up,New
SJC Trichy,Tamil Nadu,BCA,Anna University,https://www.sjctni.edu/placement.jsp?p=PlacementActivities-team,,college@mail.sjctni.edu,,,,college@mail.sjctni.edu,+91-4312700320,0,,0,,Needs Follow-up,New
SNS College of Technology,Tamil Nadu,Engineering,Anna University,https://snsct.org/?utm_source=google&utm_medium=GMB&utm_campaign=EngineeringCollege&utm_id=snsct&utm_term=Engineering+Colleges+in+Coimbatore&utm_content=Top+Engineering+Colleges+in+Coimbatore,,snsct@snsgroups.com,,"job@snsgroups.com, job@snsgroups.com","+91-9003655855, +91-7550316701",snsct@snsgroups.com,+91-9566423456,0,,0,,Needs Follow-up,New
SRI SIDHARTHA SCHOOL OF ENGINEERING (SSSE),Karnataka,Engineering,VTU,https://ssse.in/,,info@ssse.in,,,,info@ssse.in,+91-9606923012,0,,0,,Needs Follow-up,New
SRI SIDHARTHA SCHOOL OF ENGINEERING (SSSE)Tumkur,Karnataka,Engineering,VTU,https://ssse.in/placements-overview/,,info@ssse.in,,info@univet.dom,+91-9606923016,info@ssse.in,+91-9606923012,0,,0,,Needs Follow-up,New
SRKR Engineering College,Andhra Pradesh,Engineering,"Various Deemed Universities (GITAM, KLEF, VFSTR, Vignan, Amrita)",https://www.srkrec.ac.in/departments/civil/placements/,,info@srkrec.ac.in,,,,info@srkrec.ac.in,+91-9848823332,0,,0,,Needs Follow-up,New
"SRM Institute of Science and Technology, Ramapuram Campus",Tamil Nadu,Engineering,,https://www.srmist.edu.in/,,,,infodesk@srmist.edu.in,"+91-4467414243, +91-4422336677, +91-4422336688, +91-4427461250, +91-4466289999, +91-4422750095, +91-7358509874, +91-9841811064, +91-4422510550, +91-4422510545, +91-7305081971, +91-9840641877, +91-4427455510, +91-4447437500, +91-4427417000, +91-4427417777, +91-8069087000",infodesk@srmist.edu.in,+91-4467414243,65,"https://www.srmist.edu.in/program-finder/, https://www.srmist.edu.in/justice-v-ramasubramanian-inaugurates-first-year-induction-programme-2026-at-srm-school-of-law/, https://www.srmist.edu.in/visitors/",0,2026-08-02T11:05:21+00:00,Needs Follow-up,New
"SRM TRP Engineering College, Tiruchirappalli",Tamil Nadu,Engineering,,https://trp.srmtrichy.edu.in/,,,,,,,,65,https://trp.srmtrichy.edu.in/,0,2026-08-03T11:36:24+00:00,Failed,New
SRM University,Tamil Nadu,Engineering,,https://www.srmtrichy.edu.in/,,,,4565helpdesk@ist.srmtrichy.edu.in,,4565helpdesk@ist.srmtrichy.edu.in,,65,"https://www.srmtrichy.edu.in/city-union-bank-placement, https://www.srmtrichy.edu.in/placement, https://www.srmtrichy.edu.in/, https://www.srmtrichy.edu.in/academics-calendar, https://www.srmtrichy.edu.in/allied-health-sciences, https://www.srmtrichy.edu.in/tensor-26, https://www.srmtrichy.edu.in/college-of-occupational-therapy, https://www.srmtrichy.edu.in/welcome",0,2026-08-02T16:20:43+00:00,Needs Follow-up,New
"SRM University AP, Amaravati",Andhra Pradesh,Engineering,"Various Deemed Universities (GITAM, KLEF, VFSTR, Vignan, Amrita)",https://www.srmap.edu.in/placement-data/,,info@srmap.edu.in,,,,info@srmap.edu.in,+91-8632343000,0,,0,,Needs Follow-up,New
SRM University BE /B.Tech,Tamil Nadu,Engineering,,https://www.srmist.edu.in/,,,,,,infodesk@srmist.edu.in,+91-4427417000,65,,0,2026-08-02T11:04:09+00:00,Failed,New
"SRM University Chennai - SRM Institute of Science and Technology, Chennai",Tamil Nadu,Engineering,,https://www.srmist.edu.in/,,,,,,artboard-4@3x-80.jpg,+91-4427417000,65,"https://www.srmist.edu.in/, https://www.srmist.edu.in/about-us/administrative-heads/, https://www.srmist.edu.in/about/directorates/director-career-center/",0,2026-08-02T11:04:26+00:00,Failed,New
SSN College of Engineering,Tamil Nadu,Engineering,,https://www.ssn.edu.in/,,,,,,,+91-4427469700,65,"https://www.ssn.edu.in/contact-us/, https://www.ssn.edu.in/infrastructure-sports-annexes-new/, https://www.ssn.edu.in/lateral-entry-admissions/, https://www.ssn.edu.in/scholarship/, https://www.ssn.edu.in/founder/, https://www.ssn.edu.in/infrastructure-auditorium/",0,2026-08-02T11:03:50+00:00,Failed,New
"SSN College of Engineering - Sri Sivasubramaniya Nadar College of Engineering, Kalavakkam",Tamil Nadu,Engineering,,https://www.ssn.edu.in/,,,,,+91-4427469700,,+91-4427469700,65,"https://www.ssn.edu.in/placement/, https://www.ssn.edu.in/contact-us/, https://www.ssn.edu.in/, https://www.ssn.edu.in/infrastructure-sports-annexes-new/, https://www.ssn.edu.in/applications-are-invited-from-qualified-candidates-for-the-post-of-junior-research-fellow-jrf/, https://www.ssn.edu.in/summer-internship-25/, https://www.ssn.edu.in/disclaimer/, https://www.ssn.edu.in/gallery/",0,2026-08-02T11:11:05+00:00,Needs Follow-up,New
SVR Engineering College,Andhra Pradesh,Engineering,JNTUK,https://svrec.ac.in/,,tpo@svrec.ac.in,,,+91-9100076679,tpo@svrec.ac.in,+91-9963435255,0,,0,,Needs Follow-up,New
"Sacred Heart College, Tirupattur",Tamil Nadu,BCA,,https://sacredpath.org/,,,,"information@sacredpath.org, information@sacredpath.orgphone, powwow@sacredpath.org, doneill@sacredpath.org, dyellowhair@sacredpath.org, neilldoneill@sacredpath.org, zamoramzamora@sacredpath.org, information@ex.comsacredpath.org, 88455414829@zoomcrc.com, alujan@sacredpath.orgdria, informationdoneill@sacredpath.org","+91-5625122850, +91-6262148580, +91-5626250919",information@sacredpath.org,+91-5625122850,70,"https://sacredpath.org/careers/, https://sacredpath.org/about/, https://sacredpath.org/, https://sacredpath.org/privacy-statement-us/?cmplz_region_redirect=true, https://sacredpath.org/sacred-path-pow-wow/, https://sacredpath.org/opt-out-preferences/?cmplz_region_redirect=true, https://sacredpath.org/programs/, https://sacredpath.org/events/",0,2026-08-02T14:39:40+00:00,Needs Follow-up,New
Sagi Rama Krishnam Raju Engineering College Bhimavaram,Andhra Pradesh,Engineering,,https://www.sagisdx.com/,,,,,"+91-8777879677, +91-8776972447, +91-8556972447",,+91-8777879677,70,"https://www.sagisdx.com/dermpath-residency-training/, https://www.sagisdx.com/, https://www.sagisdx.com/become-a-client/, https://www.sagisdx.com/who-we-are/, https://www.sagisdx.com/marketing-reps/, https://www.sagisdx.com/test-menus, https://www.sagisdx.com/consultation-request/, https://www.sagisdx.com/post-residency-opportunities/",0,2026-08-02T12:00:52+00:00,Needs Follow-up,New
"Sahyadri Institute of Technology and Management, Mangalore",Karnataka,Engineering,VTU,https://www.sahyadri.edu.in/,,info@sahyadri.edu.inphone,,"contact@sahyadri.edu.in, info@sahyadri.edu.in, principal@sahyadri.edu.in",,info@sahyadri.edu.inphone,+91-8242277222,0,,0,,Needs Follow-up,New
"Sai Vidya Institute of Technology, Bangalore",Karnataka,Engineering,VTU,https://saividya.ac.in/placement,,placement@saividya.ac.in,,"placement.assessmentcell@saividya.ac.in, internship@saividya.ac.in, head-iir@saividya.ac.in","+91-9738541844, +91-7019596474, +91-9916137105, +91-8779951800, +91-8892202185, +91-9632183520, +91-9620792414, +91-8028468191, +91-9108575191, +91-9364912981",placement@saividya.ac.in,+91-9108015199,0,,0,,Needs Follow-up,New
"Sambhram Institute of Technology, Bangalore",Karnataka,Engineering,VTU,http://www.sambhramit.com/,,admissions@sambhram.org,,,+91-8153263086,admissions@sambhram.org,+91-8884440085,0,,0,,Needs Follow-up,New
"Sampoorna Group of Institutions, Channapatna",Karnataka,Engineering,VTU,https://sampoornainstitutions.org/,,query.sampoornainstitutions@gmail.com,,,"+91-9945503369, +91-9035699119, +91-9148696369",query.sampoornainstitutions@gmail.com,+91-8026644999,0,,0,,Needs Follow-up,New
Santhiram Engineering College,Andhra Pradesh,Engineering,JNTUK,https://www.srecnandyal.edu.in/,,tpo@srecnandyal.edu.in,,,,tpo@srecnandyal.edu.in,+91-9866308475,0,,0,,Needs Follow-up,New
Santhiram Engineering College Nandyal,Andhra Pradesh,Engineering,JNTU,http://srecnandyal.edu.in,,principal@srecnandyal.edu.in,,,+91-8514276201,principal@srecnandyal.edu.in,+91-9866308475,0,,0,,Needs Follow-up,New
"Sapthagiri College of Engineering, Bangalore",Karnataka,Engineering,VTU,https://sapthagiri.edu.in/placementcell,,gurucharan.singh@snpsu.edu.in,,,,gurucharan.singh@snpsu.edu.in,+91-9611277233,0,,0,,Needs Follow-up,New
Sathyabama University,Tamil Nadu,Engineering,,https://www.sathyabama.ac.in/,,,+91-9600038122,,+91-9940058263,,+91-9600038122,100,"https://www.sathyabama.ac.in/placements/training_placement_process, https://www.sathyabama.ac.in/placements/Industry-Relations, https://www.sathyabama.ac.in/placements/contact-us, https://www.sathyabama.ac.in/placements/internships, https://www.sathyabama.ac.in/placements/overview, https://www.sathyabama.ac.in/, https://www.sathyabama.ac.in/event/anrf-sponsored-national-symposium-cum-workshop-zebrafish-versatile-model-innovations, https://www.sathyabama.ac.in/IQAC/ARR",0,2026-08-02T16:26:34+00:00,Needs Follow-up,New
"Sathyabama University - Sathyabama Institute of Science and Technology, Chennai",Tamil Nadu,Engineering,,https://www.sathyabama.ac.in/,,,+91-9600038122,,+91-9940058263,,,100,"https://www.sathyabama.ac.in/, https://www.sathyabama.ac.in/placements/training_placement_process, https://www.sathyabama.ac.in/placements/overview, https://www.sathyabama.ac.in/placements/recruitments, https://www.sathyabama.ac.in/placements/internships, https://www.sathyabama.ac.in/placements/Industry-Relations, https://www.sathyabama.ac.in/placements/employability-training/certification-programs, https://www.sathyabama.ac.in/placements/Placement%20Testimonial, https://www.sathyabama.ac.in/placements/placement_gallery, https://www.sathyabama.ac.in/placements/employability-training, https://www.sathyabama.ac.in/placement/about_us, https://www.sathyabama.ac.in/Careers",0,2026-08-03T10:13:16+00:00,Needs Follow-up,New
"Saveetha Institute of Medical and Technical Sciences, Chennai",Tamil Nadu,Engineering,,https://www.saveetha.com/,,,,,+91-4426801050,,+91-4426801050,70,"https://www.saveetha.com/placement, https://www.saveetha.com/aboutus, https://www.saveetha.com/, https://www.saveetha.com/infrastructure, https://www.saveetha.com/new-page-86, https://www.saveetha.com/institutions, https://www.saveetha.com/digital-verification, https://www.saveetha.com/ins",0,2026-08-03T10:32:01+00:00,Needs Follow-up,New
"Saveetha School of Engineering, Chennai",Tamil Nadu,Engineering,,https://saveetha.ac.in/,,,,admission@saveetha.ac.in,+91-8939902737,admission@saveetha.ac.in,+91-8939902737,100,"https://saveetha.ac.in/about-sec/, https://saveetha.ac.in/hostel/, https://saveetha.ac.in/admission-procedure/, https://saveetha.ac.in/saveetha-teaching-learning-centre/, https://saveetha.ac.in/agricultural-engineering/, https://saveetha.ac.in/principals-message/",0,2026-08-02T11:13:45+00:00,Needs Follow-up,New
"School of Information Science, Presidency University, Bangalore",Karnataka,BCA,,https://levittownschools.com/,,,,,"+91-5164347105, +91-5164347058, +91-5164347475, +91-5164347525",,+91-5164347058,70,"https://levittownschools.com/parentportalnewsletter, https://levittownschools.com/, https://levittownschools.com/images/portrait-of-a-graduate.webp?v=2025, https://levittownschools.com/boe/bios, https://levittownschools.com/district/wcag-compliance, https://levittownschools.com/lee/, https://levittownschools.com/gardiners/, https://levittownschools.com/summit/",0,2026-08-02T13:41:30+00:00,Needs Follow-up,New
School of Management Studies,Andhra Pradesh,Engineering,JNTUK,https://www.srmap.edu.in/,,info@srmap.edu.in,,,,info@srmap.edu.in,+91-8069886999,0,,0,,Needs Follow-up,New
"School of Science and Humanities, SRM Kattankulathur",Tamil Nadu,BCA,,https://levittownschools.com/,,,,,"+91-5164347058, +91-5164347425, +91-5164347225",,+91-5164347058,70,"https://levittownschools.com/, https://levittownschools.com/images/portrait-of-a-graduate.webp?v=2025, https://levittownschools.com/departments/, https://levittownschools.com/eastbroadway/, https://levittownschools.com/gardiners/, https://levittownschools.com/macarthur/, https://levittownschools.com/boe/budget, https://levittownschools.com/salk/",0,2026-08-02T14:15:00+00:00,Needs Follow-up,New
Selvam College of Technology Engineering College,Tamil Nadu,Engineering,Anna University,https://selvamtech.edu.in/,,info@selvamtech.edu.in,,,,info@selvamtech.edu.in,+91-9486648899,0,,0,,Needs Follow-up,New
Seshadripuram First Grade College - [SFGC],Karnataka,BCA,Bangalore University,http://www.sfgc.ac.in,,info@sfgc.ac.in,,,,info@sfgc.ac.in,+91-8022955369,0,,0,,Needs Follow-up,New
Seshadripuram Institute of Commerce and Management,Karnataka,BCA,Bangalore University,http://sicm.edu.in/,,info@sicm.edu.in,,,+91-8095178324,info@sicm.edu.in,+91-8022955382,0,,0,,Needs Follow-up,New
"Shaikh College of Engineering and Technology, Belgaum",Karnataka,Engineering,VTU,https://shaikhgroupofinstitutions.com/belgaum-institute-of-management-studies-successfully-organized-a-placement-drive-for-its-final-year-team,,info@sgibgm.org,,,,info@sgibgm.org,+91-8312473253,0,,0,,Needs Follow-up,New
Shree Chandraprabhu Jain College,Tamil Nadu,BCA,,https://scpjaincollege.edu.in/,,,,"contact@scpjaincollege.edu.in, principal@scpjaincollege.edu.in","+91-4427935103, +91-9444154981",contact@scpjaincollege.edu.in,+91-4427935103,85,"https://scpjaincollege.edu.in/, https://scpjaincollege.edu.in/outreach/, https://scpjaincollege.edu.in/nirf/, https://scpjaincollege.edu.in/mentorship/, https://scpjaincollege.edu.in/management-committee/, https://scpjaincollege.edu.in/rules-regulations/, https://scpjaincollege.edu.in/english/, https://scpjaincollege.edu.in/m-sc-computer-science/",0,2026-08-02T15:19:18+00:00,Needs Follow-up,New
Shri Shankarlal Sundarbai Shasun Jain College for Women,Tamil Nadu,BCA,,https://shasuncollege.edu.in/,,,,"nandhini.a@shasuncollege.edu.in, b.nandhini@shasuncollege.edu.in, k.meenakshi@shasuncollege.edu.in, abinaya.s@shasuncollege.edu.in, s.suhanya@shasuncollege.edu.in, s.neeraja@shasuncollege.edu.in, v.mythili@shasuncollege.edu.in, b.subhasree@shasuncollege.edu.in, kaushikst@shasuncollege.edu.in, p.tamilarasi@shasuncollege.edu.in, meenakshi.n@shasuncollege.edu.in, priyaemmanuel@shasuncollege.edu.in, dhivya.g@shasuncollege.edu.in, s.jothilakshmi@shasuncollege.edu.in, p.jeyabala@shasuncollege.edu.in, rafathzahra@shasuncollege.edu.in, n.sumathy@shasuncollege.edu.in, gayathri.v@shasuncollege.edu.in, m.magdalene@shasuncollege.edu.in, gayathri.n@shasuncollege.edu.in, shivanithiyagrajan@shasuncollege.edu.in, priyankaparmar@shasuncollege.edu.in, rekha.g@shasuncollege.edu.in, d.vasanthi@shasuncollege.edu.in, c.malathi@shasuncollege.edu.in, sumathik@shasuncollege.edu.in, aruna@shasuncollege.edu.in, vchandra@shasuncollege.edu.in, rajathi@shasuncollege.edu.in, revathy@shasuncollege.edu.in, d.sasikala@shasuncollege.edu.in, sundarameenasenthil@shasuncollege.edu.in, samandhasmith@shasuncollege.edu.in, m.shanbagam@shasuncollege.edu.in, g.umamaheswari@shasuncollege.edu.in, deepaa.p@shasuncollege.edu.in, g.k.lavanya@shasuncollege.edu.in, rlakshmi@shasuncollege.edu.in, b.shruthi@shasuncollege.edu.in, n.yogalakshmi@shasuncollege.edu.in, jeeva@shasuncollege.edu.in, k.nandhini@shasuncollege.edu.in, m.muthulakshmi@shasuncollege.edu.in, malathy@shasuncollege.edu.in, s.sumathi@shasuncollege.edu.in, c.vijaya@shasuncollege.edu.in, m.malarkodi@shasuncollege.edu.in, p.vidhya@shasuncollege.edu.in, jlatha@shasuncollege.edu.in, vaishnavi@shasuncollege.edu.in, k.yasmeen@shasuncollege.edu.in, m.s.divya@shasuncollege.edu.in, shahila@shasuncollege.edu.in, k.poorani@shasuncollege.edu.in, m.raghini@shasuncollege.edu.in, m.sugapriya@shasuncollege.edu.in, sangeetha@shasuncollege.edu.in, d.pratibha@shasuncollege.edu.in, maryjayakodi@shasuncollege.edu.in, m.mahalakshmi@shasuncollege.edu.in, v.manjushree@shasuncollege.edu.in, k.chitra@shasuncollege.edu.in, m.selinamuthurani@shasuncollege.edu.in, g.anitha@shasuncollege.edu.in, shobanapadmanaban@shasuncollege.edu.in, jeyalakshmi@shasuncollege.edu.in, kokila@shasuncollege.edu.in, 123@shasuncollege.edu.in, d.sumathi@shasuncollege.edu.in, fahimasultana@shasuncollege.edu.in, akilandeswari@shasuncollege.edu.in, s.sukirthana@shasuncollege.edu.in, b.geetharamani@shasuncollege.edu.in, c.r.rhupa@shasuncollege.edu.in, s.sakthi@shasuncollege.edu.in, shenbagavalli@shasuncollege.edu.in, dhanalakshmi@shasuncollege.edu.in, marydiana@shasuncollege.edu.in, drkangayarkani@shasuncollege.edu.in, valli@shasuncollege.edu.in, d.reshma@shasuncollege.edu.in, akshyaramesh@shasuncollege.edu.in, thangaarchana@shasuncollege.edu.in, r.rishiga@shasuncollege.edu.in, visudha@shasuncollege.edu.in, nishanthi.s@shasuncollege.edu.in, sharongrace@shasuncollege.edu.in, r.subhajasmine@shasuncollege.edu.in, r.vinolatha@shasuncollege.edu.in, m.mohanapriya@shasuncollege.edu.in, v.gayathri@shasuncollege.edu.in, rohiniunnikrishnan@shasuncollege.edu.in, shandhini@shasuncollege.edu.in, tkarpagam@shasuncollege.edu.in, santoshsmitha@shasuncollege.edu.in, s.jayalakshmisv@shasuncollege.edu.in, ramadevi@shasuncollege.edu.in, sarojsingh@shasuncollege.edu.in, c.punithavathi@shasuncollege.edu.in, s.ananthi@shasuncollege.edu.in, vanithadevi@shasuncollege.edu.in, parameswari@shasuncollege.edu.in, vasuki@shasuncollege.edu.in, rani@shasuncollege.edu.in, umarani@shasuncollege.edu.in, geetha@shasuncollege.edu.in, umamaheshwari@shasuncollege.edu.in, thamilarasi@shasuncollege.edu.in, aramvalarthanayaki@shasuncollege.edu.in, anuradha@shasuncollege.edu.in, umahani@shasuncollege.edu.in, aarthi@shasuncollege.edu.in, pselvi@shasuncollege.edu.in, karpagam@shasuncollege.edu.in, banurekha@shasuncollege.edu.in, banuradha@shasuncollege.edu.in, kvijayalakshmi@shasuncollege.edu.in, selvi@shasuncollege.edu.in, rajalakshmi@shasuncollege.edu.in, selvakumari@shasuncollege.edu.in, ckdeepa@shasuncollege.edu.in, kavitha@shasuncollege.edu.in, rukmani@shasuncollege.edu.in, jayachandrika@shasuncollege.edu.in, arya@shasuncollege.edu.in, ambikai@shasuncollege.edu.in, s.aswinichithra@shasuncollege.edu.in, kalaikovan@shasuncollege.edu.in, ebenezer@shasuncollege.edu.in, r.nivashini@shasuncollege.edu.in, p.nandini@shasuncollege.edu.in, g.josna@shasuncollege.edu.in, g.gaayathree@shasuncollege.edu.in, pavithra@shasuncollege.edu.in, nusrathnisha@shasuncollege.edu.in, maimoonabushra@shasuncollege.edu.in, r.thamilselvi@shasuncollege.edu.in, j.vidhya@shasuncollege.edu.in, kousalyaparasakthi@shasuncollege.edu.in, h.thahirabanu@shasuncollege.edu.in, s.deepa@shasuncollege.edu.in, c.vasanthi@shasuncollege.edu.in, reshmabanu@shasuncollege.edu.in, b.sreevidya@shasuncollege.edu.in, a.jyothi@shasuncollege.edu.in, k.vani@shasuncollege.edu.in, s.prasana@shasuncollege.edu.in, n.m.kavitha@shasuncollege.edu.in, v.venkateswari@shasuncollege.edu.in, j.jebapriya@shasuncollege.edu.in, s.sudha@shasuncollege.edu.in, m.anitaindu@shasuncollege.edu.in, vidhyavenkatraman@shasuncollege.edu.in, nrehna@shasuncollege.edu.in, s.rajameenakshi@shasuncollege.edu.in, sridevi@shasuncollege.edu.in, suma@shasuncollege.edu.in, jayasri@shasuncollege.edu.in, gomathi@shasuncollege.edu.in, packiavathy@shasuncollege.edu.in, yegammai@shasuncollege.edu.in, stdeepa@shasuncollege.edu.in, sabikafathima@shasuncollege.edu.in, akila@shasuncollege.edu.in, kamalam@shasuncollege.edu.in, ngeetha@shasuncollege.edu.in, sasikala@shasuncollege.edu.in, gvsampad@shasuncollege.edu.in, info@shasuncollege.edu.in, jeyagowri@shasncollege.edu.in, gyanjainchem@gmail.com, shasuncollege.edu.ininfo@shasuncollege.edu.in, admissionsupport@shasuncollege.edu.in","+91-8122857155, +91-8122857255, +91-8122857355, +91-8122857455, +91-7305151442, +91-7305471442, +91-7305223442, +91-7358281442, +91-7397277442",nandhini.a@shasuncollege.edu.in,+91-8122857155,85,"https://shasuncollege.edu.in/placements/, https://shasuncollege.edu.in/contact-us/, https://shasuncollege.edu.in/, https://shasuncollege.edu.in/green-campus/, https://shasuncollege.edu.in/scale/, https://shasuncollege.edu.in/online-applications-video-demo/, https://shasuncollege.edu.in/iso/, https://shasuncollege.edu.in/equal-opportunities-cell/",0,2026-08-02T15:13:51+00:00,Needs Follow-up,New
Shri Vishnu Engineering College for Women West Godavari,Andhra Pradesh,Engineering,,https://svecw.edu.in/,,,,"info@svecw.edu.in, principal@svecw.edu.in",,info@svecw.edu.in,,65,"https://svecw.edu.in/career-guidance-cell/, https://svecw.edu.in/hcl-tech-vlsi-training/, https://svecw.edu.in/contact-us/, https://svecw.edu.in/about-rd/, https://svecw.edu.in/about-research/, https://svecw.edu.in/about-society-sves/, https://svecw.edu.in/, https://svecw.edu.in/temples/",0,2026-08-03T14:02:29+00:00,Needs Follow-up,New
"Shridevi Institute of Engineering and Technology, Tumkur",Karnataka,Engineering,VTU,https://shrideviengineering.org/about-placement/,,placements@shrideviengineering.org,,placements@shrideviengineering.org,+91-9035052552,admissions@shrideviengineering.org,+91-9686687361,0,,0,,Needs Follow-up,New
Siddharth Institute of Engineering & Technology,Andhra Pradesh,Engineering,JNTU,http://www.sietk.org,,sietk_ptr@yahoo.com,,"sietk.puttur@gmail.com, sietkverify@siddharthgroup.ac.in, sietk.puttur@gmail.com, sietkverify@siddharthgroup.ac.in",+91-8577264888,sietk_ptr@yahoo.com,+91-8577264999,0,,0,,Needs Follow-up,New
Siddharth Institute of Engineering & Technology - [SIETK],Andhra Pradesh,Engineering,JNTUK,https://sietk.org/about_sietk.php,,placements@siddharthgroup.ac.in,,,,placements@siddharthgroup.ac.in,+91-8577264999,0,,0,,Needs Follow-up,New
"Siddhartha Academy of Higher Education, Deemed to be University Engineering Courses",Andhra Pradesh,Engineering,,https://hesse.projects.gss.ucsb.edu/works/locked/sidd-encr.PDF,,,,,,,,55,https://hesse.projects.gss.ucsb.edu/works/locked/sidd-encr.PDF,0,2026-08-03T09:49:56+00:00,Failed,New
"Sir M. Viveswaraya Institute of Technology, Bangalore",Karnataka,Engineering,VTU,https://www.sirmvit.edu/placement/,,sirmvitplacementoffice@gmail.com,,"info@sirmvit.edu, uoe@education.com","+91-8028477025, +91-8028477026, +91-8028467081, +91-4567894569",sirmvitplacementoffice@gmail.com,+91-8028467248,0,,0,,Needs Follow-up,New
"Sir MVIT - Sir M Visvesvaraya Institute of Technology, Bangalore",Karnataka,Engineering,,https://www.sirmvit.edu/,,,,,,,,100,,0,2026-08-03T09:45:08+00:00,Failed,New
Sir issac Newton College of Engineering and Technology,Tamil Nadu,Engineering,Anna University,https://sincet.ac.in/placement-view,,principal@sincet.ac.in,,,"+91-7339642610, +91-9047474423, +91-8098833207, +91-9629229586",principal@sincet.ac.in,+91-7373765117,0,,0,,Needs Follow-up,New
"Siva[]da Sarma Memorial RV Degree College - [SSMRV], Bangalore",Karnataka,BCA,Bangalore University,https://ssmrvpu.edu.in/contact-us/,,ssmrvpu@rvei.edu.in,,,,ssmrvpu@rvei.edu.in,+91-8068240969,0,,0,,Needs Follow-up,New
Sivananda Sarma Memorial RV Degree College,Karnataka,BCA,Bangalore University,https://www.ssmrv.edu.in/,,office.ssmrv@rvei.edu.in,,principal.ssmrv@rvei.edu.in,,office.ssmrv@rvei.edu.in,+91-8068240999,0,,0,,Needs Follow-up,New
"Smt. Kamala and Sri. Venkappa Magadi College of Engineering and Technology, Gadag",Karnataka,Engineering,VTU,http://www.agadiengcollege.com/,,info@agadiengcollege.com,,principal@agadiengcollege.com,,info@agadiengcollege.com,+91-9448120344,0,,0,,Needs Follow-up,New
Solamalai College of Engineering,Tamil Nadu,Engineering,Anna University,https://www.solamalaice.ac.in/placement,,info@solamalaice.ac.in,,,,info@solamalaice.ac.in,+91-4522429346,0,,0,,Needs Follow-up,New
"Sona College of Technology, Salem",Tamil Nadu,Engineering,,https://www.sonatech.ac.in/,,,,,,,,100,https://www.sonatech.ac.in/,0,2026-08-02T11:20:28+00:00,Failed,New
Soundarya Institute of Management and Science,Karnataka,BCA,Bangalore University,https://soundarya.edu.in/,,admissions@soundaryainstitutions.in,,,,admissions@soundaryainstitutions.in,,0,,0,,Needs Follow-up,New
Soundarya Institute of Management and Science - [SIMS],Karnataka,BCA,Bangalore University,https://soundarya.edu.in/placements/,,admissions@soundaryainstitutions.in,,,+91-6269000093,admissions@soundaryainstitutions.in,+91-6269000092,0,,0,,Needs Follow-up,New
Sree Konaseema Bhanoji Ramars College,Andhra Pradesh,BCA,Andhra University,http://www.skbrcollege.org,,info@skbrcollege.org,,"skbrc1951@gmail.com, skbrc1951@gmail.com",+91-8856233656,info@skbrcollege.org,+91-9491852656,0,,0,,Needs Follow-up,New
Sree Narayana Guru College,Tamil Nadu,BCA,,https://www.sngc.ac.in/ug,,,,,,,,85,,0,2026-08-02T15:14:03+00:00,Failed,New
Sreenidhi Institute of Science and Technology,Andhra Pradesh,Engineering,"Various Deemed Universities (GITAM, KLEF, VFSTR, Vignan, Amrita)",https://www.sreenidhi.edu.in,,info@sreenidhi.edu.in,,,"+91-4027640394, +91-4027631236",info@sreenidhi.edu.in,+91-4027633349,0,,0,,Needs Follow-up,New
"Sri Basaveshwara Institute of Technology, Tiptur",Karnataka,Engineering,VTU,http://www.sbesinstitutions.com,,info@sbesinstitutions.com,,principalsbittiptur@gmail.com,,info@sbesinstitutions.com,+91-9845187579,0,,0,,Needs Follow-up,New
Sri Durga Malleswari Siddhartha Mahila Kalasala Vijayawada,Andhra Pradesh,BCA,Krishna University,https://siddharthamahila.ac.in/placement-team,,harika@siddharthamahila.ac.in,,"sivakrishnaveni@siddharthamahila.ac.in, praveena@siddharthamahila.ac.in, jyothi@siddharthamahila.ac.in, kiranmai@siddharthamahila.ac.in, komali@siddharthamahila.ac.in, sridevi@siddharthamahila.ac.in, sindhupriya@siddharthamahila.ac.in, sdmsmk@yahoo.co.in, sivakrishnaveni@siddharthamahila.ac.in, praveena@siddharthamahila.ac.in, jyothi@siddharthamahila.ac.in, kiranmai@siddharthamahila.ac.in, komali@siddharthamahila.ac.in, sridevi@siddharthamahila.ac.in, sindhupriya@siddharthamahila.ac.in, sdmsmk@yahoo.co.in",+91-8662470912,harika@siddharthamahila.ac.in,+91-8662477867,0,,0,,Needs Follow-up,New
"Sri Eshwar College of Engineering, Coimbatore",Tamil Nadu,Engineering,,https://sece.ac.in/sri-eshwar,,,,,,sece@sece.ac.in,+91-4259200300,55,https://sece.ac.in/sri-eshwar,0,2026-08-02T11:26:15+00:00,Failed,New
Sri Krishna Devaraya University,Andhra Pradesh,Engineering,JNTUK,https://www.srit.ac.in/,,tpo@srit.ac.in,,,,tpo@srit.ac.in,,0,,0,,Needs Follow-up,New
"Sri Krishna Institute of Technology, Bangalore",Karnataka,Engineering,VTU,https://www.skit.org.in/index.html,,admission@skit.org.in,,info@skit.org.in,+91-9842230087,admission@skit.org.in,+91-9442346613,0,,0,,Needs Follow-up,New
Sri Krishnadevaraya University - [SKU],Andhra Pradesh,BCA,Andhra University,http://www.skuniversity.ac.in,,registrar@skuniversity.ac.in,,,"+91-8842300901, +91-9441244439",registrar@skuniversity.ac.in,+91-8842300900,0,,0,,Needs Follow-up,New
"Sri Krishnadevaraya University - [SKU],",Andhra Pradesh,Engineering,JNTU,http://www.skuniversity.ac.in,,registrar@skuniversity.ac.in,,,"+91-8842300901, +91-9441244439",registrar@skuniversity.ac.in,+91-8842300900,0,,0,,Needs Follow-up,New
"Sri Muthukumaran Institute of Technology, Chennai",Tamil Nadu,Engineering,,https://smit.edu.in/about,,,,smitcollege1996@gmail.com,"+91-9445227325, +91-9176288732, +91-4424780002, +91-4466110200, +91-4466110208",smitcollege1996@gmail.com,+91-9445227325,55,"https://smit.edu.in/about, https://smit.edu.in/about-founder-managing-trustee/, https://smit.edu.in/it-home/, https://smit.edu.in/eee-home/, https://smit.edu.in/sedg-cell/, https://smit.edu.in/cse-home/, https://smit.edu.in/civil-home/, https://smit.edu.in/alumni-contributions-committee/",0,2026-08-03T11:37:02+00:00,Needs Follow-up,New
Sri Nataraja First Grade Residential College for Women,Karnataka,BCA,University of Mysore,https://www.narayanagroup.com/contact-us,,info@narayanagroup.com,,,,3344info@narayanagroup.com10th,,0,,0,,Needs Follow-up,New
Sri Ramakrishna Engineering College,Tamil Nadu,Engineering,Anna University,http://srec.ac.in/,,principal@srec.ac.in,,,,principal@srec.ac.in,+91-7530089996,0,,0,,Needs Follow-up,New
Sri Ramakrishna Mission Vidyalaya College of Arts & Science Tamil Nadu - SRKV,Tamil Nadu,BCA,,https://www.srkv.org/,,,,coimbatore.mission@rkmm.org,+91-9944941427,coimbatore.mission@rkmm.org,+91-9944941427,70,"https://www.srkv.org/, https://www.srkv.org/About Us/about-vidyalaya, https://www.srkv.org/About Us/documentary-on-ramakrishna-moment, https://www.srkv.org/About Us/donation",0,2026-08-02T15:08:23+00:00,Needs Follow-up,New
Sri Sai Ram Engineering College,Tamil Nadu,Engineering,Anna University,https://sairam.edu.in/training-and-placement/,,sairam@sairam.edu.in,,"dean.tap@sairam.edu.in, sairamplacement@sairam.edu.in, dean.cd@sairam.edu.in, dean.tap@sairam.edu.in, sairamplacement@sairam.edu.in, dean.cd@sairam.edu.in",+91-9789911155,sairam@sairam.edu.in,+91-9677054441,0,,0,,Needs Follow-up,New
"Sri Sai Ram Institute of Technology, Chennai",Tamil Nadu,Engineering,,https://it.sairamit.edu.in/contact-us,,,+91-2020121020,,"+91-4422512111, +91-4422512444, +91-4422512323",,+91-4422512111,55,"https://it.sairamit.edu.in/placement/, https://it.sairamit.edu.in/contact-us, https://it.sairamit.edu.in/board-of-studies/, https://it.sairamit.edu.in/program-specific-outcomes-psos/, https://it.sairamit.edu.in/patent/, https://it.sairamit.edu.in/academic-excellence/, https://it.sairamit.edu.in/info-hub/, https://it.sairamit.edu.in/news-events/",0,2026-08-02T11:20:57+00:00,Needs Follow-up,New
"Sri Sairam College of Engineering, Bangalore",Karnataka,Engineering,VTU,http://www.sairamce.edu.in,,placement@sairamce.edu.in,,"admission@sairamce.edu.in, placement@sairamce.edu.in",+91-9900545104,info@sairamce.edu.in,+91-9900545103,0,,0,,Needs Follow-up,New
"Sri Siddhartha Institute of Technology, Tumkur",Karnataka,Engineering,,http://www.siddhartha.ac.in/,,,,,,info@siddhartha.ac.in,+91-7893744445,100,"http://www.siddhartha.ac.in/, http://www.siddhartha.ac.in/contact.php",0,2026-08-02T11:02:03+00:00,Failed,New
"Sri Taralabalu Jagadguru Institute of Technology, Ranebennur",Karnataka,Engineering,VTU,http://stjit.ac.in/placements.html,,placement@stjit.ac.in,,"rajesh1984jadhav@gmail.com, rajeshkodbal@gmail.com, santhuee020@gmail.com, srinivasarao_udara@yahoo.com, rameshstjit@yahoo.co.in, ganesharoddanavar27@gmail.com, principal@stjit.ac.in","+91-8373266427, +91-9481525975, +91-9620848378, +91-9480323111, +91-9845962493, +91-8197511199, +91-9886828230, +91-7847028831",placement@stjit.ac.in,+91-8373266343,0,,0,,Needs Follow-up,New
"Sri Venkateshwara College of Engineering, Bangalore",Karnataka,Engineering,VTU,https://sriventech.ac.in/placement-and-training-cell.php,,principal@sriventech.ac.in,,"info@sriventech.ac.in, placement@sriventech.ac.in",+91-9176745678,principal@sriventech.ac.in,+91-4427664444,0,,0,,Needs Follow-up,New
Sri Venkateswara College of Engineering,Andhra Pradesh,Engineering,JNTUK,http://www.svcn.ac.in,,sving9@gmail.com,,,"+91-7032650299, +91-7032647699",sving9@gmail.com,+91-7032642099,0,,0,,Needs Follow-up,New
Sri Venkateswara College of Engineering,Tamil Nadu,BCA,Anna University,https://www.svce.ac.in/placement/,,admissionenquiry@svce.ac.in,,"acm@svce.ac.in, principal@svce.ac.in, enquiry@svce.ac.in, placement@svce.ac.in, acm@svce.ac.in, principal@svce.ac.in, enquiry@svce.ac.in, placement@svce.ac.in","+91-4427152000, +91-8122518923, +91-8220762480, +91-9994526625, +91-9865828126",admissionenquiry@svce.ac.in,+91-9840861987,0,,0,,Needs Follow-up,New
Sri Venkateswara University College of Engineering,Andhra Pradesh,Engineering,"Various Deemed Universities (GITAM, KLEF, VFSTR, Vignan, Amrita)",https://www.svuce.edu.in,,principal@svuce.edu.in,,"principal_svuce2003@yahoo.co.in, principal_svuce2003@yahoo.co.in",,principal@svuce.edu.in,+91-8772289561,0,,0,,Needs Follow-up,New
"Sri Vidya Vinayaka Institute of Technology, Bangalore",Karnataka,Engineering,VTU,https://saividya.ac.in/placement,,placement@saividya.ac.in,,"placement.assessmentcell@saividya.ac.in, internship@saividya.ac.in, head-iir@saividya.ac.in","+91-9738541844, +91-7019596474, +91-9916137105, +91-8779951800, +91-8892202185, +91-9632183520, +91-9620792414, +91-8028468191, +91-9108575191, +91-9364912981",placement@saividya.ac.in,+91-9108015199,0,,0,,Needs Follow-up,New
"Srinivas Institute of Technology, Mangalore",Karnataka,Engineering,VTU,https://www.sitmng.ac.in/SIT/Placement/Top-Placements.html,,principalsit@srinivasgroup.com,,,+91-6366410494,principalsit@srinivasgroup.com,+91-9448597543,0,,0,,Needs Follow-up,New
Srinivas University,Karnataka,BCA,Bangalore University,https://www.srinivasgroup.com/Careers.html,,admission@srinivasgroup.com,,"drajay@srinivasgroup.com, job@srinivasgroup.com","+91-8242412382, +91-8242425966",admission@srinivasgroup.com,+91-7026436197,0,,0,,Needs Follow-up,New
Srinivasa Ramanujan Institute of Technology,Andhra Pradesh,Engineering,JNTU,https://www.srit.ac.in/training-placement-team-members/,,hr@srit.ac.in,,"balucy@srit.ac.in, tpo@srit.ac.in, alumni@srit.ac.in, iiicell@srit.ac.in, atpo@srit.ac.in, swathi.civ@srit.ac.in, sathishkumar.eee@srit.ac.in, sreekanthreddy.ece@srit.ac.in, kondanna.cse@srit.ac.in, rajeshbabud.cse@srit.ac.in, prabhakar.hs@srit.ac.in, clerk.tpcell@srit.ac.in, balucy@srit.ac.in, tpo@srit.ac.in, alumni@srit.ac.in, iiicell@srit.ac.in, atpo@srit.ac.in, swathi.civ@srit.ac.in, sathishkumar.eee@srit.ac.in, sreekanthreddy.ece@srit.ac.in, kondanna.cse@srit.ac.in, rajeshbabud.cse@srit.ac.in, prabhakar.hs@srit.ac.in, clerk.tpcell@srit.ac.in","+91-9900944775, +91-9515811111, +91-9791265918, +91-9848169943, +91-8328220829, +91-8074669931, +91-8309918031, +91-9963917078, +91-9985502062, +91-9966982288, +91-9441553074, +91-9398023404",hr@srit.ac.in,+91-9515611111,0,,0,,Needs Follow-up,New
"St Hopkins College, Bangalore",Karnataka,BCA,Bangalore University,https://www.hopkinscollege.com,,admissions@hopkinscollege.com,,,,admissions@hopkinscollege.com,+91-8022113435,0,,0,,Needs Follow-up,New
St. Aloysius College Magaluru,Karnataka,BCA,,https://staloysius.edu.in/,,,,,+91-7975277782,,+91-8244117701,100,"https://staloysius.edu.in/placements, https://staloysius.edu.in/career-professional-development, https://staloysius.edu.in/, https://staloysius.edu.in/agnipath-yojana, https://staloysius.edu.in/aqar, https://staloysius.edu.in/admission-faqs, https://staloysius.edu.in/aloysiancreche, https://staloysius.edu.in/sense-2025",0,2026-08-02T13:36:04+00:00,Needs Follow-up,New
St. Anns College of Engineering and Technology,Andhra Pradesh,Engineering,"Various Deemed Universities (GITAM, KLEF, VFSTR, Vignan, Amrita)",https://sacet.ac.in/2021/07/28/mind-tree-technology-placements/,,sacetchirala@gmail.com,,,"+91-8594247300, +91-9848510999, +91-9885379417",sacetchirala@gmail.com,+91-8594247500,0,,0,,Needs Follow-up,New
"St. Claret College, Autonomous",Karnataka,BCA,Bangalore University,https://www.claretcollege.edu.in/,,admissions@claretcollege.edu.in,,"scc@claretcollege.edu.in, placement@claretcollege.edu.in","+91-6361718834, +91-9019551552",admissions@claretcollege.edu.in,+91-8023454755,0,,0,,Needs Follow-up,New
St. Francis de Sales College,Karnataka,BCA,Bangalore University,https://www.sfscollege.in/,,admission@sfscollege.in,,,,admission@sfscollege.in,+91-9632415082,0,,0,,Needs Follow-up,New
"St. Joseph Engineering College, Mangalore",Karnataka,Engineering,VTU,https://sjec.ac.in/,,,,sjec@sjec.ac.in,"+91-9972932972, +91-8242263753, +91-9972695974, +91-8242868100",admissions@sjec.ac.in,+91-9972695972,0,,0,,Needs Follow-up,New
St. Joseph's College of Engineering,Tamil Nadu,Engineering,Anna University,https://stjosephs.ac.in/index.html,,jprstjosephs@stjosephs.ac.in,,,,jprstjosephs@stjosephs.ac.in,,0,,0,,Needs Follow-up,New
St. Philomena's College,Karnataka,BCA,University of Mysore,https://www.stphilos.ac.in/,,stphilos1946@gmail.com,,,"+91-7022371285, +91-9008580707",stphilos1946@gmail.com,+91-6364118983,0,,0,,Needs Follow-up,New
St.Anne College of Engineering and Technology,Tamil Nadu,Engineering,Anna University,https://www.stannescet.ac.in/placement-team,,contact@stannescet.ac.in,,"stannescet@gmail.com, placement@stannescet.ac.in, stannescet@gmail.com, placement@stannescet.ac.in",,contact@stannescet.ac.in,,0,,0,,Needs Follow-up,New
St.Mother Theresa Engineering College,Tamil Nadu,Engineering,Anna University,https://mtec.ac.in/news/placement,,principal@mtec.ac.in,,,+91-9942978599,principal@mtec.ac.in,+91-9443201279,0,,0,,Needs Follow-up,New
Stanley College of Engineering and Technology for Women,Andhra Pradesh,Engineering,"Various Deemed Universities (GITAM, KLEF, VFSTR, Vignan, Amrita)",https://www.stanley.edu.in/post/the-training-and-placement-cell-in-collaboration-with-talentio-successfully-organized-algo-showdow,,hr@stanley.edu.in,,,,hr@stanley.edu.in,+91-4023234880,0,,0,,Needs Follow-up,New
"Surana College, Bengaluru Urban",Karnataka,BCA,,https://www.suranainstitutions.edu.in/,,,,,+91-8026630300,,+91-8026630300,100,"https://www.suranainstitutions.edu.in/placements.aspx, https://www.suranainstitutions.edu.in/how-to-achieve-academic-success-and-career-goals, https://www.suranainstitutions.edu.in/contact.aspx, https://www.suranainstitutions.edu.in/about-college, https://www.suranainstitutions.edu.in/, https://www.suranainstitutions.edu.in/promoting-digital-wellness-a-comprehensive-guide-for-students, https://www.suranainstitutions.edu.in/news-post/bsc-botany-students-visited-kalkere-arboretum-near-bannerghatta, https://www.suranainstitutions.edu.in/post-graduation",0,2026-08-02T13:38:51+00:00,Needs Follow-up,New
"T - National Institute of Food Technology, Entrepreneurship and Management, Thanjavur",Tamil Nadu,Engineering,,https://niftem.ac.in/,,,,,,,,65,,0,2026-08-02T11:19:57+00:00,Failed,New
THE NATIONAL INSTITUTE OF ENGINEERING,Karnataka,Engineering,,https://www.nationalgeographic.com/,,,,,,,,70,"https://www.nationalgeographic.com/adventure, https://www.nationalgeographic.com/tv/, https://www.nationalgeographic.com/travel/, https://www.nationalgeographic.com/travel, https://www.nationalgeographic.com/animals, https://www.nationalgeographic.com/newsletters/signup?gblftr, https://www.nationalgeographic.com/history",0,2026-08-03T05:55:07+00:00,Failed,New
TKR College of Engineering and Technology,Andhra Pradesh,Engineering,"Various Deemed Universities (GITAM, KLEF, VFSTR, Vignan, Amrita)",http://www.tkrcet.ac.in,,csm@tkrcet.com,,"dr.gravi@tkrcet.com, davidikavitha@tkrcet.com, mbahod@tkrcet.com, dr.k.ramakrishna@tkrcet.com, eee@tkrcet.com, ece@tkrcet.com, cse@tkrcet.com, tkrcet@rediffmail.com, dr.gravi@tkrcet.com, davidikavitha@tkrcet.com, mbahod@tkrcet.com, dr.k.ramakrishna@tkrcet.com, eee@tkrcet.com, ece@tkrcet.com, cse@tkrcet.com, tkrcet@rediffmail.com",,csm@tkrcet.com,+91-9949665436,0,,0,,Needs Follow-up,New
Thangavelu Engineering College,Tamil Nadu,Engineering,Anna University,https://www.thangavelu.edu.in/,,admin@thangavelu.edu.in,,,+91-9597771616,admin@thangavelu.edu.in,+91-9842674222,0,,0,,Needs Follow-up,New
The Dalai Lama Institute for Higher Education,Karnataka,BCA,University of Mysore,http://dalailamainstitute.edu.in/,,secretary@dalailamainstitute.edu.in,,,,secretary@dalailamainstitute.edu.in,+91-9611043855,0,,0,,Needs Follow-up,New
The National Degree College,Karnataka,BCA,Bangalore University,https://nationalpujayanagar.edu.in,,ncpuj62@gmail.com,,j62@gmail.com,+91-8026533541,ncpuj62@gmail.com,+91-7795901022,0,,0,,Needs Follow-up,New
"The National Institute of Engineering South Campus, Mysore",Karnataka,Engineering,,https://nie.ac.in/,,placement@nie.ac.in,+91-8214004900,"officer+91-8722266622placement@nie.ac.innorth, 821-4004919placement@nie.ac.innational, placement@nie.ac.inexamination, admission@nie.ac.in, principal@nie.ac.in, admission@nie.ac.inthe, exam@nie.ac.in, library@nie.ac.in, hostel@nie.ac.in, sgrc@nie.ac.in, icc@nie.ac.in, welfare@nie.ac.in, exam@nie.ac.inlibrary, library@nie.ac.inhostels, hostel@nie.ac.inthe, ymm@nie.ac.in, southcampus@nie.ac.in, northcampus@nie.ac.in, process.sgrc@nie.ac.ininternal, confidentiality.icc@nie.ac.instudent, skills.welfare@nie.ac.incounselling, amjadhusain@nie.ac.in, principal@nie.ac.inadmissions, admission@nie.ac.inplacements, ymm@nie.ac.infacilitiescommon, technology.amjadhusain@nie.ac.infaculty, enquiries.ymm@nie.ac.infeeshostel, officeymm@nie.ac.insouth, emailprincipal@nie.ac.in","+91-8722266622, +91-8214004919, +91-8660149922, +91-8212480475, +91-6366914771, +91-6366914772",,,100,"https://nie.ac.in/placements/, https://nie.ac.in/contact/, https://nie.ac.in/about/, https://nie.ac.in/, https://nie.ac.in/hostels/, https://nie.ac.in/library/, https://nie.ac.in/student-services/, https://nie.ac.in/innovations/",0,2026-08-03T08:33:32+00:00,Verified,New
"The Oxford College of Engineering, Bangalore",Karnataka,Engineering,VTU,http://www.theoxford.edu,,scienceprincipal@theoxford.edu,,"pharmacyprincipal@theoxford.edu, info@theoxford.edu, lawprincipal@theoxford.edu, engprincipal@theoxford.edu, principal.tomch@theoxford.edu, dean.tomch@theoxford.edu, icseprincipal@theoxford.edu, enghodbt@theoxford.edu, directormbatoce@theoxford.edu",,scienceprincipal@theoxford.edu,+91-9964313495,0,,0,,Needs Follow-up,New
"The Oxford College of Science - [TOCS], Bangalore",Karnataka,BCA,Bangalore University,https://college360.in/contact.php,,info@college360.in,,,,info@college360.in,+91-9108884155,0,,0,,Needs Follow-up,New
Thiagarajar College,Tamil Nadu,BCA,Various TN Universities,http://www.tcarts.in,,principaltcarts@gmail.com,,,,principaltcarts@gmail.com,+91-4522311875,0,,0,,Needs Follow-up,New
"Thiagarajar College of Engineering, Madurai",Tamil Nadu,Engineering,,https://thiagarajargroup.com/,,,,,,office@tmill.com,+91-4522482595,70,https://thiagarajargroup.com/,0,2026-08-02T11:17:50+00:00,Failed,New
Tirumala Engineering College,Andhra Pradesh,Engineering,"Various Deemed Universities (GITAM, KLEF, VFSTR, Vignan, Amrita)",http://www.tecnrt.org,,tecnrt@gmail.com,,"tecnrt.alumni@gmail.com, sectec@tecnrt.org, principal@tecnrt.org, tec-ao@tecnrt.org, tec-ce@tecnrt.org, hod-sh@tecnrt.org, hod-ece@tecnrt.org, hod-aiml@tecnrt.org, hod-cse@tecnrt.org, hod-it@tecnrt.org, hod-mech@tecnrt.org, hod-eee@tecnrt.org, hod-civil@tecnrt.org, library@tecnrt.org, placements@tecnrt.org, iqac@tecnrt.org, nsstec@tecnrt.org, pdtec@tecnrt.org, iictec@tecnrt.org, rnd@tecnrt.org, sdc@tecnrt.org, career_guidancetec@tecnrt.org, womenenpowertec@tecnrt.org, edctec@tecnrt.org, aluminitec@tecnrt.org, receptiontec@tecnrt.org, culturaltec@tecnrt.org, antiraggingtec@tecnrt.org, tec-office@tecnrt.org, tecnrt.alumni@gmail.com, sectec@tecnrt.org, principal@tecnrt.org, tec-ao@tecnrt.org, tec-ce@tecnrt.org, hod-sh@tecnrt.org, hod-ece@tecnrt.org, hod-aiml@tecnrt.org, hod-cse@tecnrt.org, hod-it@tecnrt.org, hod-mech@tecnrt.org, hod-eee@tecnrt.org, hod-civil@tecnrt.org, library@tecnrt.org, placements@tecnrt.org, iqac@tecnrt.org, nsstec@tecnrt.org, pdtec@tecnrt.org, iictec@tecnrt.org, rnd@tecnrt.org, sdc@tecnrt.org, career_guidancetec@tecnrt.org, womenenpowertec@tecnrt.org, edctec@tecnrt.org, aluminitec@tecnrt.org, receptiontec@tecnrt.org, culturaltec@tecnrt.org, antiraggingtec@tecnrt.org, tec-office@tecnrt.org","+91-9248752999, +91-9133300228, +91-9849803585, +91-9885510039, +91-9248752111, +91-9966552479, +91-9390543208, +91-9121214725, +91-9705518818, +91-8985298550, +91-9642612013, +91-9248413456, +91-9989706744, +91-9248737444, +91-9666576488, +91-9290329777, +91-9182933543, +91-9490468680, +91-9440256996, +91-9985578967, +91-6300438435, +91-9989343980, +91-7731004567, +91-8008322338, +91-9248443456, +91-9052966526, +91-9949311310, +91-9441947476, +91-8074663124, +91-9441752543, +91-9177979721, +91-9848132531, +91-8647219585",tecnrt@gmail.com,+91-8647218164,0,,0,,Needs Follow-up,New
"Tontadarya College of Engineering, Gadag",Karnataka,Engineering,VTU,http://tce.ac.in,,principaltcegadag@gmail.com,,,,232446principaltcegadag@gmail.comfollow,,0,,0,,Needs Follow-up,New
Tumkur University,Karnataka,BCA,University of Mysore,http://tumkuruniversity.ac.in,,registrarevaluationtut@gmail.com,,"tutdocveri@gmail.com, rajesh_shenoy@tumkuruniversity.ac.in",,registrarevaluationtut@gmail.com,+91-8162271924,0,,0,,Needs Follow-up,New
Ultra College of Engineering and Technology,Tamil Nadu,Engineering,Anna University,https://ucetw.ac.in/placement/,,admin@ucetw.ac.in,,,"+91-9443799966, +91-4522422057",admin@ucetw.ac.in,+91-9443799922,0,,0,,Needs Follow-up,New
"United International Business School - [UIBS], Bangalore",Karnataka,BCA,Bangalore University,https://www.uibsblr.com/,,admissions@uibsblr.com,,,+91-8050080021,admissions@uibsblr.com,+91-9148982093,0,,0,,Needs Follow-up,New
Unity Degree College,Andhra Pradesh,BCA,Andhra University,http://www.unitydegreecollege.com,,info@unitydegreecollege.com,,"careers@unitydegreecollege.com, careers@unitydegreecollege.com",+91-7799443639,info@unitydegreecollege.com,+91-7799777175,0,,0,,Needs Follow-up,New
Unity Degree College Visakhapatnam,Andhra Pradesh,BCA,,https://unity.com/,,,,"dpa@unity3d.com.technical, dpa@unity3d.com, affiliates@unity3d.com.email",,dpa@unity3d.com.technical,+91-4140951598,70,"https://unity.com/, https://unity.com/legal/privacy-policy, https://unity.com/blog, https://unity.com/glossary, https://unity.com/legal/cookie-policy, https://unity.com/partners/affiliates, https://unity.com/solutions/app-monetization, https://unity.com/es",0,2026-08-02T15:35:22+00:00,Needs Follow-up,New
"University BDT College of Engineering, Davangere",Karnataka,Engineering,,https://www.udel.edu/,,,,"ocm@udel.edu, mediarelations@udel.edu",,ocm@udel.edu,,65,"https://www.udel.edu/about/, https://www.udel.edu/, https://www.udel.edu/faculty-staff/, https://www.udel.edu/udaily/, https://www.udel.edu/home/, https://www.udel.edu/apply/, https://www.udel.edu/academics/, https://www.udel.edu/athletics/",0,2026-08-03T08:38:10+00:00,Needs Follow-up,New
University College of Engineering Dindigul,Tamil Nadu,Engineering,,https://www.annauniv.edu/,,,,"caindra@annauniv.edu, actechhelpdesk@gmail.com, deansap@annauniv.edu, helpdesksap@annauniv.edu","+91-9498050101, +91-4422359580, +91-2020212022, +91-4422359295",caindra@annauniv.edu,+91-9498050101,65,"https://www.annauniv.edu/CGC/index.php, https://www.annauniv.edu/act/, https://www.annauniv.edu/CNST/nano_index.php, https://www.annauniv.edu/WomenEmpCentre/index.php, https://www.annauniv.edu/blog-single.html, https://www.annauniv.edu/POSH/index.php, https://www.annauniv.edu/caindra, https://www.annauniv.edu/sap",0,2026-08-03T10:28:35+00:00,Needs Follow-up,New
University College of Engineering Kakinada Campus,Andhra Pradesh,Engineering,JNTUK,http://www.jntucek.ac.in,,principal.ucek@jntucek.ac.in,,"viceprincipal@jntucek.ac.in, viceprincipal1@jntucek.ac.in, viceprincipal@jntucek.ac.in, viceprincipal1@jntucek.ac.in","+91-8842380823, +91-8847772000",principal.ucek@jntucek.ac.in,+91-8842300823,0,,0,,Needs Follow-up,New
University College of Engineering Narasaraopet Campus,Andhra Pradesh,Engineering,JNTUK,https://jntukucen.ac.in/training-placement-cell/,,tpo@jntukucen.ac.in,,"principal@jntukucen.ac.in, principal@jntukucen.ac.in",+91-8647227199,tpo@jntukucen.ac.in,+91-8647226198,0,,0,,Needs Follow-up,New
University College of Engineering V.R. Siddhartha Engineering College,Andhra Pradesh,BCA,JNTUK,https://www.vrsiddhartha.ac.in/placements-staff,,placements@vrsiddhartha.ac.in,,"vsireesha@vrsiddhartha.ac.in, vsireesha@vrsiddhartha.ac.in",,placements@vrsiddhartha.ac.in,+91-9440219816,0,,0,,Needs Follow-up,New
"University College of Engineering, Osmania University",Andhra Pradesh,Engineering,"Various Deemed Universities (GITAM, KLEF, VFSTR, Vignan, Amrita)",http://www.uceou.edu,,webmaster@uceou.edu,,"ucenplacement@gmail.com, ucenplacement@gmail.com","+91-8842300901, +91-8331997291, +91-8331997292, +91-2020182019, +91-2020172018",webmaster@uceou.edu,+91-8842300900,0,,0,,Needs Follow-up,New
"University Visvesvaraya College of Engineering, Bangalore",Karnataka,Engineering,,https://www.umc.edu/,,,,"communications@umc.edu.our, pguilfoyle@umc.edu.all","+91-6019841000, +91-8888152005, +91-6018155000, +91-6019841100, +91-6019842841",communications@umc.edu.our,+91-6019841000,65,"https://www.umc.edu/, https://www.umc.edu/compliance-report, https://www.umc.edu/studentunion, https://www.umc.edu/Calendar, https://www.umc.edu/orsp, https://www.umc.edu/UMMCpricing, https://www.umc.edu/CommunicationsMarketing",0,2026-08-03T08:41:10+00:00,Needs Follow-up,New
University of Mumbai,Andhra Pradesh,Engineering,,https://www.udel.edu/,,,,alumni-friends@udel.edu,+91-3028312104,alumni-friends@udel.edu,+91-3028312104,65,"https://www.udel.edu/about/, https://www.udel.edu/, https://www.udel.edu/apply/, https://www.udel.edu/alumni-friends/, https://www.udel.edu/faculty-staff/, https://www.udel.edu/research-innovation/, https://www.udel.edu/home/, https://www.udel.edu/academics/",0,2026-08-03T10:05:47+00:00,Needs Follow-up,New
V.S.B College of Engineering Technical Campus,Tamil Nadu,Engineering,Anna University,https://vsbcetc.edu.in/best-placement-colleges-in-coimbatore/,,admission@vsbcetc.com,,,+91-8220555783,admission@vsbcetc.com,+91-8220048212,0,,0,,Needs Follow-up,New
V.V. Vanniaperumal College for Women Virudhunagar,Tamil Nadu,BCA,Anna University,http://vvvcollege.org/placement.php,,officevvvc2014@gmail.com,,"officevvvc@vvvcollege.org, placement@vvvcollege.org, officevvvc@vvvcollege.org, placement@vvvcollege.org",,officevvvc2014@gmail.com,+91-4562243540,0,,0,,Needs Follow-up,New
"VELS Institute of Science, Technology and Advanced Studies",Tamil Nadu,BCA,,https://velsprofessionals.com/,,,,velsprofessional@gmail.com,+91-8135107253,velsprofessional@gmail.com,+91-8135107253,70,"https://velsprofessionals.com/careers, https://velsprofessionals.com/contact-us, https://velsprofessionals.com/about-us, https://velsprofessionals.com/, https://velsprofessionals.com/services, https://velsprofessionals.com/placement, https://velsprofessionals.com/placements, https://velsprofessionals.com/placement-cell",0,2026-08-02T14:18:54+00:00,Needs Follow-up,New
VFSTR,Andhra Pradesh,BCA,Various AP Universities,https://vignan.ac.in/newvignan/admissions.php,,info@vignan.ac.in,,"director_admissions@vignan.ac.in, ufs@vignan.ac.in, info@vignan.ac.in, director_admissions@vignan.ac.in, ufs@vignan.ac.in, info@vignan.ac.in","+91-9849841069, +91-8632344777, +91-7093144415, +91-8632344700",info@vignan.ac.in,+91-7981989595,0,,0,,Needs Follow-up,New
VIDYAVARDHAKA COLLEGE OF ENGINEERING,Karnataka,Engineering,,https://vvce.ac.in/,,,,,,principal@vvce.ac.in,+91-8214276286,80,,0,2026-08-02T10:51:27+00:00,Failed,New
VIET Visakhapatnam,Andhra Pradesh,BCA,Various AP Universities,https://www.viet.edu.in/,,deancdc@viet.edu.in,,,,deancdc@viet.edu.in,,0,,0,,Needs Follow-up,New
VNR Vignana Jyothi Institute of Engineering and Technology,Andhra Pradesh,Engineering,"Various Deemed Universities (GITAM, KLEF, VFSTR, Vignan, Amrita)",http://www.vnrvjiet.ac.in/,,postbox@vnrvjiet.ac.in,,"marcom@vignanajyothi.com, marcom@vignanajyothi.com","+91-9391982884, +91-9849770585",postbox@vnrvjiet.ac.in,+91-4023042758,0,,0,,Needs Follow-up,New
"VYMAK Group of Institutions, Bangalore",Karnataka,BCA,Bangalore University,https://vymakdegree.com/vymakplacements/,,admissions@vymak.ac.in,,"vymakcollege@gmail.com, vymakcollege@gmail.com","+91-7483910901, +91-7483915494",admissions@vymak.ac.in,+91-8061425556,0,,0,,Needs Follow-up,New
Vaigai College of Engineering,Tamil Nadu,Engineering,Anna University,https://www.vaigai.org,,vaigaioffice@gmail.com,,"vaigaiplacement9133@gmail.com, vaigaiplacement9133@gmail.com","+91-9489909001, +91-9489909002, +91-9489909003, +91-9842635039",vaigaioffice@gmail.com,+91-9444605532,0,,0,,Needs Follow-up,New
Vardhaman College of Engineering,Andhra Pradesh,Engineering,"Various Deemed Universities (GITAM, KLEF, VFSTR, Vignan, Amrita)",http://vardhaman.org,,info@vardhaman.org,,,,info@vardhaman.org,+91-8688901557,0,,0,,Needs Follow-up,New
Vasireddy Venkatadri International Technological University Guntur,Andhra Pradesh,Engineering,,https://www.vvitguntur.com/,,,+91-9951023336,,+91-9849542336,,+91-9951023336,70,"https://www.vvitguntur.com/index.php/placements-home, https://www.vvitguntur.com/index.php/placements-home?tmpl=component&amp;print=1, https://www.vvitguntur.com/, https://www.vvitguntur.com/stories-of-success, https://www.vvitguntur.com/index.php/top-nirf, https://www.vvitguntur.com/index.php/iqac, https://www.vvitguntur.com/index.php/register?view=reset, https://www.vvitguntur.com/index.php/vov-magazine",0,2026-08-02T12:03:35+00:00,Needs Follow-up,New
"Veerappa Nisty Engineering College, Yadgir",Karnataka,Engineering,VTU,https://www.veerappanistyecs.org,,principal@veerappanistyecs.org,,,"+91-8867089506, +91-9880310275, +91-9880197423, +91-9916326630, +91-9686991567",principal@veerappanistyecs.org,+91-9483448161,0,,0,,Needs Follow-up,New
"Vel Tech Chennai - Vel Tech Rangarajan Dr Sagunthala R and D Institute of Science and Technology, Chennai",Tamil Nadu,Engineering,,https://www.veltech.edu.in/,,,+91-9445568802,,"+91-9789920470, +91-4461710244, +91-4443066864, +91-8925830394, +91-4426840414",,,65,"https://www.veltech.edu.in/careers/, https://www.veltech.edu.in/contact/, https://www.veltech.edu.in/about/, https://www.veltech.edu.in/, https://www.veltech.edu.in/admission/, https://www.veltech.edu.in/research/infrastructure.html, https://www.veltech.edu.in/research/sponsored_research.html, https://www.veltech.edu.in/biotech/",0,2026-08-03T13:43:11+00:00,Needs Follow-up,New
Velammal College of Engineering and Technology,Tamil Nadu,Engineering,Anna University,https://vcet.ac.in/index,,principal@vcet.ac.in,,"placement@vcet.ac.in, placement@vcet.ac.in","+91-9087556789, +91-4422446300",principal@vcet.ac.in,+91-9994994991,0,,0,,Needs Follow-up,New
"Vellore Institute of Technology, Vellore",Tamil Nadu,Engineering,,https://chennai.vit.ac.in/,,,,,,,,65,,0,2026-08-02T11:09:03+00:00,Failed,New
"Vels University Chennai - Vel's Institute of Science Technology and Advanced Studies, Chennai",Tamil Nadu,Engineering,,https://vistas.ac.in/,,placement@vistas.ac.in,+91-9566166777,"vels@vistas.ac.in, director.cr@vistas.ac.in","+91-9962562222, +91-9940285920, +91-9677091109, +91-9176202222",,,100,"https://vistas.ac.in/, https://erp.vistas.ac.in/velsparentportal/students/loginManager/youLogin.jsp, https://vistas.ac.in/placement/ph-d-admissions-2/, https://vistas.ac.in/placement-2/, https://vistas.ac.in/training-for-placement/, https://vistas.ac.in/career-guidance-2/, https://vistas.ac.in/career-advancement-cell/contact-us/, https://vistas.ac.in/about-us/ranking-and-accreditation/",0,2026-08-02T16:43:40+00:00,Verified,New
"Vemana Institute of Technology, Bangalore",Karnataka,Engineering,VTU,https://vemanait.edu.in/placement.html,,director-placement@vemanait.edu.in,,"byrareddy.gr@vemanait.edu.in, placements@vemanait.edu.in, info@vemanait.edu.in, admissions@vemanait.edu.in","+91-9902161133, +91-9741083004, +91-9035153163, +91-8025529874, +91-9035153164, +91-9641083004, +91-9535444571",director-placement@vemanait.edu.in,+91-9902329749,0,,0,,Needs Follow-up,New
Vemu Institute of Technology,Andhra Pradesh,Engineering,JNTUK,https://vemu.org/about_us,,placements@vemu.org,,,,placements@vemu.org,+91-8886661148,0,,0,,Needs Follow-up,New
"Venkatadri International Technological University, Guntur",Andhra Pradesh,Engineering,,https://vvitu.ac.in/,,,,,,,,65,https://vvitu.ac.in/,0,2026-08-02T12:36:57+00:00,Failed,New
Victoria University,Karnataka,Engineering,,https://rvu.edu.in/,,,,,,admissions@rvu.edu.in,+91-8951179896,65,,0,2026-08-02T11:03:03+00:00,Failed,New
"Vidya Vardhaka College of Engineering, Mysore",Karnataka,Engineering,VTU,http://www.vvce.ac.in/,,principal@vvce.ac.in,,,,principal@vvce.ac.in,+91-8214276200,0,,0,,Needs Follow-up,New
"Vidya Vikas Institute of Engineering and Technology, Mysore",Karnataka,Engineering,VTU,https://vidyavikas.edu.in,,info@vidyavikas.edu.in,,,,,+91-7892229886,0,,0,,Needs Follow-up,New
"Vidyashilp University, Bengaluru",Karnataka,Engineering,,https://vidyashilp.edu.in/,,careers@vidyashilp.edu.in,,"admission@vidyashilp.edu.in, cmrg@vidyashilp.edu.in, vuwellness@vidyashilp.edu.in, ranjana.r@vidyashilp.edu.in, setu.havanur@vidyashilp.edu.in","+91-8951991858, +91-8069630500, +91-8951184990",,+91-8951991858,100,"https://vidyashilp.edu.in/faculty-careers, https://vidyashilp.edu.in/cmrg/, https://vidyashilp.edu.in/fohe/, https://vidyashilp.edu.in/School_of_Engineering_and_Technology/, https://vidyashilp.edu.in/scholarship/, https://vidyashilp.edu.in/research/, https://vidyashilp.edu.in/wellness-centre/, https://vidyashilp.edu.in/School_of_Business_and_Entrepreneurship/",0,2026-08-03T09:41:52+00:00,Needs Follow-up,New
Vignan Institute of Technology and Science,Andhra Pradesh,Engineering,"Various Deemed Universities (GITAM, KLEF, VFSTR, Vignan, Amrita)",https://vignanits.ac.in/placements.php,,placement.vgnt@vignanits.ac.in,,"ccotp.vignanhyd@gmail.com, placements.vitshyd@vignanits.ac.in, placements.vitshyd@gmail.com, rajesh.b@vignanits.ac.in, principal.vgnt89@gmail.com, principal.vits@gmail.com, principal.vgnt@vignanits.ac.in, ccotp.vignanhyd@gmail.com, placements.vitshyd@vignanits.ac.in, placements.vitshyd@gmail.com, rajesh.b@vignanits.ac.in, principal.vgnt89@gmail.com, principal.vits@gmail.com, principal.vgnt@vignanits.ac.in","+91-9849439683, +91-9505727777, +91-8985308843, +91-8685226128, +91-9866399776",placement.vgnt@vignanits.ac.in,+91-9866349337,0,,0,,Needs Follow-up,New
"Vignan's Foundation for Science, Technology & Research",Andhra Pradesh,Engineering,"Various Deemed Universities (GITAM, KLEF, VFSTR, Vignan, Amrita)",https://www.vignan.ac.in/intadcontact.php,,dean_adm@vignan.ac.in,,"director_admissions@vignan.ac.in, ufs@vignan.ac.in, info@vignan.ac.in, director_admissions@vignan.ac.in, ufs@vignan.ac.in, info@vignan.ac.in","+91-9849841069, +91-8632344777, +91-7093144415, +91-8632344700",dean_adm@vignan.ac.in,+91-7981989595,0,,0,,Needs Follow-up,New
Vignan's Institute of Information Technology,Andhra Pradesh,Engineering,,https://vignaniit.edu.in/,,,,,,,,100,https://vignaniit.edu.in/,0,2026-08-03T13:11:41+00:00,Failed,New
Vignan's Institute of Information Technology Fees,Andhra Pradesh,Engineering,,https://vignaniit.edu.in/,,,,,,,,100,,0,2026-08-03T08:57:22+00:00,Failed,New
Vignans Institute of Information Technology,Andhra Pradesh,Engineering,"Various Deemed Universities (GITAM, KLEF, VFSTR, Vignan, Amrita)",https://www.vignaniit.edu.in/placements/about-t,,vignaniit@yahoo.com,,,,vignaniit@yahoo.com,,0,,0,,Needs Follow-up,New
Vignans Lara Institute of Technology and Science,Andhra Pradesh,Engineering,"Various Deemed Universities (GITAM, KLEF, VFSTR, Vignan, Amrita)",http://www.vignanlara.org,,principal@vignanlara.org,,,"+91-8632381239, +91-2011582968, +91-2019100907",principal@vignanlara.org,+91-8632381200,0,,0,,Needs Follow-up,New
"Vijaya Vittala Institute of Technology, Bangalore",Karnataka,Engineering,VTU,https://www.svvit.org/placements/,,,,"vvit2009@gmail.com, vvit.po@gmail.com, vvit.admissions@gmail.com, vvit.jobs@gmail.com, vvit.purchases@gmail.com","+91-9845264811, +91-9986049659, +91-8028445045, +91-9845210865, +91-8123039099",vvit.info@gmail.com,+91-8050472867,0,,0,,Needs Follow-up,New
Vijayanagara Sri Krishnadevaraya University - [VSKU],Karnataka,BCA,University of Mysore,https://vskub.ac.in/,,calendar@vskub.ac.in,,,,calendar@vskub.ac.in,+91-8800995774,0,,0,,Needs Follow-up,New
Vikas Group of Institutions - Vijayawada Rural,Andhra Pradesh,Engineering,"Various Deemed Universities (GITAM, KLEF, VFSTR, Vignan, Amrita)",https://vikasgroup.ac.in/placements/,,infovgtn@gmail.com,,,+91-8500669282,infovgtn@gmail.com,+91-8500669271,0,,0,,Needs Follow-up,New
Vinayaka Mission Kirupananda Variyar Arts and Science College Salem,Tamil Nadu,BCA,Various TN Universities,http://www.skycollege.in/contact.php,,info@skycollege.in,,,,info@skycollege.in,+91-9840277477,0,,0,,Needs Follow-up,New
Vinayaka Mission's Research Foundation VMRF Salem,Tamil Nadu,BCA,Anna University,https://www.vmrfdu.edu.in/Careers.php,,vmtrust@vmu.edu.in,,"info@vinayakamissions.com, info@vinayakamissions.com",,vmtrust@vmu.edu.in,+91-4272529700,0,,0,,Needs Follow-up,New
Vishnu Group of Institns Vishnu Institute of Technology,Andhra Pradesh,Engineering,"Various Deemed Universities (GITAM, KLEF, VFSTR, Vignan, Amrita)",https://vishnu.edu.in/Placement-Recruiters,,info@vishnu.edu.in,,"principal@vishnu.edu.in, bgverifications@vishnu.edu.in, webmaster@vishnu.edu.in, principal@vishnu.edu.in, bgverifications@vishnu.edu.in, webmaster@vishnu.edu.in",+91-9949486543,info@vishnu.edu.in,+91-8816251333,0,,0,,Needs Follow-up,New
Vishnu Institute of Technology (VIT Bhimavaram) Bhimavaram,Andhra Pradesh,Engineering,,https://vishnu.edu.in/,,,,,,info@vishnu.edu.in,+91-9949486543,100,,0,2026-08-02T12:00:21+00:00,Failed,New
Visvesvaraya Technological University - [VTU],Karnataka,BCA,University of Mysore,https://vtu.ac.in/en/role-responsibilities-of-placement-cell/,,re@vtu.ac.in,,,+91-8312498225,re@vtu.ac.in,+91-8312498136,0,,0,,Needs Follow-up,New
"Visvesvaraya Technological University, Belagavi",Karnataka,Engineering,,https://vtu.ac.in/,,,,"re@vtu.ac.in, meghanak@vtu.ac.in","+91-8312498136, +91-8312498225",re@vtu.ac.in,+91-8312498136,65,"https://vtu.ac.in/, https://vtu.ac.in/%e0%b2%8e%e0%b2%b2%e0%b3%86%e0%b2%95%e0%b3%8d%e0%b2%9f%e0%b3%8d%e0%b2%b0%e0%b2%be%e0%b2%a8%e0%b2%bf%e0%b2%95%e0%b3%8d%e0%b2%b8%e0%b3%8d-%e0%b2%ae%e0%b2%a4%e0%b3%8d%e0%b2%a4%e0%b3%81-%e0%b2%95%e0%b2%ae/, https://vtu.ac.in/equivalence-committee-ug/, https://vtu.ac.in/vtu-awards/, https://vtu.ac.in/online-fee-payment-2/, https://vtu.ac.in/finance-section/, https://vtu.ac.in/sc-st-obc-cell/, https://vtu.ac.in/site-map-kn/",0,2026-08-03T13:37:19+00:00,Needs Follow-up,New
Viswam Degree & PG College Chittoor,Andhra Pradesh,BCA,Various AP Universities,https://viswam.ac.in/placements/,,placements@viswam.ac.in,,"office@viswam.ac.in, principal@viswam.ac.in, office@viswam.ac.in, principal@viswam.ac.in",+91-9505021075,placements@viswam.ac.in,+91-7200581816,0,,0,,Needs Follow-up,New
"Vivekananda College of Engineering Technology, Puttur",Karnataka,Engineering,VTU,https://vcetputtur.ac.in/alumni-talk-on-industry-connect-placement-preparation/,,principal@vcetputtur.ac.in,,,,principal@vcetputtur.ac.in,+91-8251235955,0,,0,,Needs Follow-up,New
Which Engineering College in Tamil Nadu Has the Best CSE Placements?,Tamil Nadu,Engineering,,https://dce.edu.in/blog-best-engineering-colleges-tamilnadu,,,+91-9962145002,"bharathiraja.n@dce.edu.in, evangelin.m@dce.edu.in, principal@dce.edu.in, grievance_redressal@dce.edu.in, principal@dce.edu.inphone","+91-9841655959, +91-8939873911, +91-8939873200, +91-8939873500, +91-8939873906, +91-8939885255",bharathiraja.n@dce.edu.in,,55,"https://dce.edu.in/placements/, https://dce.edu.in/contact/, https://dce.edu.in/blog-best-engineering-colleges-tamilnadu, https://dce.edu.in/admissions/, https://dce.edu.in/aishe/, https://dce.edu.in/privacy-policy/, https://dce.edu.in/department-of-mechanical-engineering/, https://dce.edu.in/department-of-electrical-and-electronics-engineering/",0,2026-08-03T11:40:40+00:00,Needs Follow-up,New
Women's Christian College,Tamil Nadu,BCA,,https://wcc.edu.in/,,,,,,,,65,https://wcc.edu.in/,0,2026-08-02T14:13:49+00:00,Failed,New
"Yagachi Institute of Technology, Hassan",Karnataka,Engineering,VTU,https://yagachi.weebly.com/contact-us.html,,yagachitech@rediffmail.com,,3ayagachitech@rediffmail.com,"+91-8172249122, +91-8172250750",yagachitech@rediffmail.com,+91-8172267007,0,,0,,Needs Follow-up,New
Yenepoya University,Karnataka,BCA,Bangalore University,https://www.yenepoya.edu.in/placement-team,,admissions@yenepoya.edu.in,,admissionmanager@yenepoya.edu.in,+91-8792966804,admissions@yenepoya.edu.in,+91-8867754493,0,,0,,Needs Follow-up,New
Zenex Vision Degree College Nellore,Andhra Pradesh,BCA,,https://zenexvision.edu.in/,,,,,,,,100,https://zenexvision.edu.in/,0,2026-08-02T15:46:09+00:00,Failed,New
[List of Autonomous Colleges],Andhra Pradesh,Engineering,JNTUK,https://www.andhraloyolacollege.ac.in,,contactalc@gmail.com,,,+91-8662486084,contactalc@gmail.com,+91-8662476082,0,,0,,Needs Follow-up,New
"to- be University, Faculty of Engineering and Technology",Andhra Pradesh,Engineering,,https://www.andhrauniversity.edu.in/,,,,,,,,100,,0,2026-08-03T09:00:05+00:00,Failed,New
